0.000000, -65.3022
0.007692, -66.3969
0.015385, -69.8402
0.023077, -77.2745
0.030769, -90.4136
0.038462, -94.7401
0.046154, -94.6138
0.053846, -94.7449
0.061538, -94.4207
0.069231, -94.1262
0.076923, -94.2592
0.084615, -94.5548
0.092308, -95.0041
0.100000, -95.4063
0.107692, -95.5138
0.115385, -95.0871
0.123077, -94.0206
0.130769, -92.9590
0.138462, -93.4701
0.146154, -93.8376
0.153846, -94.2538
0.161538, -94.8157
0.169231, -94.8722
0.176923, -94.7523
0.184615, -94.7107
0.192308, -94.8710
0.200000, -94.2677
0.207692, -94.8459
0.215385, -95.4119
0.223077, -95.2219
0.230769, -95.6275
0.238461, -95.1528
0.246154, -94.5352
0.253846, -94.4792
0.261538, -94.9684
0.269231, -95.4365
0.276923, -95.7344
0.284615, -95.5692
0.292308, -94.7958
0.300000, -95.6966
0.307692, -96.0362
0.315385, -95.5044
0.323077, -95.0758
0.330769, -94.9393
0.338461, -95.2156
0.346154, -95.5222
0.353846, -95.2381
0.361538, -94.9477
0.369231, -95.3190
0.376923, -95.3511
0.384615, -95.2214
0.392308, -95.8910
0.400000, -95.9460
0.407692, -97.5626
0.415385, -98.4860
0.423077, -97.8450
0.430769, -96.6650
0.438461, -95.7375
0.446154, -94.9303
0.453846, -94.2107
0.461538, -93.8002
0.469231, -93.7188
0.476923, -94.0926
0.484615, -94.5276
0.492308, -94.3122
0.500000, -94.2063
0.507692, -93.8172
0.515384, -94.1061
0.523077, -95.0604
0.530769, -96.1462
0.538461, -97.0232
0.546154, -97.5436
0.553846, -97.4003
0.561538, -96.8919
0.569231, -96.5901
0.576923, -96.3126
0.584615, -95.9103
0.592308, -95.7898
0.600000, -96.3433
0.607692, -96.3846
0.615384, -96.5025
0.623077, -96.1949
0.630769, -96.2027
0.638461, -96.9755
0.646154, -97.8973
0.653846, -98.5545
0.661538, -98.5899
0.669231, -98.1393
0.676923, -97.3682
0.684615, -96.6655
0.692308, -96.4574
0.700000, -96.6760
0.707692, -97.1252
0.715384, -97.3060
0.723077, -97.1798
0.730769, -97.0161
0.738461, -96.8955
0.746154, -96.8939
0.753846, -96.6321
0.761538, -96.0839
0.769231, -96.0957
0.776923, -95.8173
0.784615, -95.8442
0.792307, -95.8262
0.800000, -95.4698
0.807692, -96.2501
0.815384, -96.9419
0.823077, -97.2405
0.830769, -97.2943
0.838461, -97.2052
0.846154, -96.6714
0.853846, -96.2142
0.861538, -96.2006
0.869231, -96.5792
0.876923, -97.1248
0.884615, -96.5949
0.892307, -95.3559
0.900000, -94.2890
0.907692, -94.1430
0.915384, -94.5962
0.923077, -95.8837
0.930769, -96.9862
0.938461, -97.6491
0.946154, -97.8007
0.953846, -96.9769
0.961538, -96.0637
0.969231, -95.7504
0.976923, -95.4714
0.984615, -95.7645
0.992307, -95.7926
1.000000, -96.8663
1.007692, -96.1617
1.015384, -95.2529
1.023077, -95.4215
1.030769, -95.5585
1.038461, -95.7159
1.046154, -95.9271
1.053846, -96.2308
1.061538, -96.2196
1.069230, -95.5120
1.076923, -95.3225
1.084615, -95.4598
1.092307, -95.6725
1.100000, -96.0282
1.107692, -96.1187
1.115384, -95.9097
1.123077, -95.6992
1.130769, -95.6176
1.138461, -95.3601
1.146154, -95.0859
1.153846, -95.3168
1.161538, -95.7095
1.169230, -96.2181
1.176923, -96.2151
1.184615, -95.1396
1.192307, -94.2597
1.200000, -98.8749
1.207692, -99.8574
1.215384, -99.2570
1.223077, -97.9854
1.230769, -96.4682
1.238461, -96.5859
1.246154, -96.8590
1.253846, -96.1372
1.261538, -94.3271
1.269230, -93.9626
1.276923, -94.3235
1.284615, -94.9479
1.292307, -95.6921
1.300000, -96.3008
1.307692, -95.9456
1.315384, -94.9901
1.323077, -94.5428
1.330769, -94.6543
1.338461, -96.3421
1.346153, -97.7502
1.353846, -97.9056
1.361538, -97.1135
1.369230, -96.9704
1.376923, -96.6051
1.384615, -95.7682
1.392307, -94.9430
1.400000, -95.5151
1.407692, -96.0424
1.415384, -96.3058
1.423077, -95.9045
1.430769, -95.7969
1.438461, -94.7188
1.446153, -94.5844
1.453846, -95.2780
1.461538, -96.2886
1.469230, -96.7717
1.476923, -96.3490
1.484615, -95.9565
1.492307, -96.0997
1.500000, -96.6544
1.507692, -96.6387
1.515384, -95.6756
1.523077, -94.6544
1.530769, -93.9247
1.538461, -93.5532
1.546153, -93.5217
1.553846, -94.7094
1.561538, -95.9480
1.569230, -96.2287
1.576923, -95.9015
1.584615, -95.5756
1.592307, -95.2287
1.600000, -94.7948
1.607692, -93.9201
1.615384, -95.2036
1.623076, -96.4995
1.630769, -96.1292
1.638461, -93.8376
1.646153, -82.3605
1.653846, -73.7392
1.661538, -69.5246
1.669230, -68.0062
1.676923, -67.9943
1.684615, -69.6290
1.692307, -74.4145
1.700000, -84.0195
1.707692, -92.1574
1.715384, -91.5382
1.723076, -91.1435
1.730769, -89.3519
1.738461, -85.7643
1.746153, -83.7969
1.753846, -83.5202
1.761538, -84.3845
1.769230, -87.2075
1.776923, -92.1108
1.784615, -94.5360
1.792307, -93.9728
1.799999, -93.0725
1.807692, -92.7283
1.815384, -93.6806
1.823076, -95.5130
1.830769, -97.2367
1.838461, -97.7291
1.846153, -97.1464
1.853846, -96.9548
1.861538, -97.0519
1.869230, -97.0691
1.876923, -97.0361
1.884615, -96.2125
1.892307, -94.8892
1.899999, -94.0855
1.907692, -93.9109
1.915384, -94.3492
1.923076, -95.4603
1.930769, -96.5014
1.938461, -96.9544
1.946153, -96.6233
1.953846, -95.5294
1.961538, -96.1686
1.969230, -94.2154
1.976923, -93.3564
1.984615, -93.3704
1.992307, -93.7493
1.999999, -95.2840
2.007692, -95.3796
2.015384, -95.7818
2.023076, -96.4539
2.030769, -97.0294
2.038461, -97.6948
2.046153, -97.8233
2.053846, -96.9570
2.061538, -95.9317
2.069230, -95.2128
2.076922, -95.1456
2.084615, -95.5246
2.092307, -96.2373
2.099999, -96.8442
2.107692, -96.9351
2.115384, -96.7662
2.123076, -96.3262
2.130769, -95.8332
2.138461, -95.4857
2.146153, -95.3231
2.153846, -95.4966
2.161538, -95.6247
2.169230, -95.1202
2.176922, -94.5836
2.184615, -94.4860
2.192307, -94.7782
2.199999, -97.9923
2.207692, -97.7168
2.215384, -97.4988
2.223076, -97.0194
2.230769, -96.6462
2.238461, -96.7782
2.246153, -96.7646
2.253846, -96.6718
2.261538, -96.7811
2.269230, -96.7102
2.276922, -96.6520
2.284615, -96.4046
2.292307, -95.7050
2.299999, -94.8161
2.307692, -93.6947
2.315384, -91.2443
2.323076, -91.2411
2.330769, -93.9338
2.338461, -96.0032
2.346153, -96.4088
2.353845, -96.2508
2.361538, -96.3302
2.369230, -96.3342
2.376922, -95.9231
2.384615, -95.8022
2.392307, -95.8998
2.399999, -95.2922
2.407692, -95.2571
2.415384, -93.9315
2.423076, -92.6550
2.430769, -93.0235
2.438461, -93.4841
2.446153, -94.1997
2.453845, -95.3231
2.461538, -96.0552
2.469230, -95.2000
2.476922, -93.7730
2.484615, -92.5283
2.492307, -91.5731
2.499999, -91.2600
2.507692, -91.2700
2.515384, -91.4972
2.523076, -91.8583
2.530769, -91.8803
2.538461, -92.0002
2.546153, -92.4542
2.553845, -92.6114
2.561538, -92.3787
2.569230, -92.1504
2.576922, -91.8987
2.584615, -91.2622
2.592307, -90.0707
2.599999, -88.2865
2.607692, -82.7977
2.615384, -78.6724
2.623076, -76.9989
2.630768, -76.7639
2.638461, -77.9027
2.646153, -81.5147
2.653845, -88.7945
2.661538, -94.9365
2.669230, -95.0141
2.676922, -94.1567
2.684615, -92.6948
2.692307, -91.8174
2.699999, -91.4298
2.707692, -91.7744
2.715384, -92.1475
2.723076, -93.3636
2.730768, -94.2459
2.738461, -94.2841
2.746153, -93.8567
2.753845, -93.4454
2.761538, -93.2436
2.769230, -93.3258
2.776922, -92.9787
2.784615, -91.9429
2.792307, -92.5381
2.799999, -93.0569
2.807692, -93.8942
2.815384, -94.7941
2.823076, -94.6891
2.830768, -93.9084
2.838461, -93.2455
2.846153, -93.0183
2.853845, -93.3923
2.861538, -94.3786
2.869230, -95.4819
2.876922, -95.9389
2.884615, -95.5357
2.892307, -94.8446
2.899999, -94.4729
2.907691, -94.5374
2.915384, -95.0894
2.923076, -96.0264
2.930768, -96.6425
2.938461, -96.7378
2.946153, -96.7681
2.953845, -96.5835
2.961538, -95.7420
2.969230, -94.6159
2.976922, -94.6153
2.984615, -94.5701
2.992307, -94.4553
2.999999, -94.4671
3.007691, -94.5002
3.015384, -94.9408
3.023076, -94.8854
3.030768, -94.7730
3.038461, -95.0885
3.046153, -95.4795
3.053845, -95.9729
3.061538, -96.0263
3.069230, -95.5350
3.076922, -95.2602
3.084615, -95.1846
3.092307, -95.3838
3.099999, -95.8458
3.107691, -96.0752
3.115384, -96.2502
3.123076, -96.5602
3.130768, -96.8439
3.138461, -97.0791
3.146153, -97.2452
3.153845, -97.4323
3.161538, -97.6985
3.169230, -97.7803
3.176922, -97.9725
3.184614, -96.8365
3.192307, -95.3873
3.199999, -94.5711
3.207691, -95.0410
3.215384, -95.4512
3.223076, -95.9098
3.230768, -96.2711
3.238461, -96.2380
3.246153, -96.1406
3.253845, -96.2378
3.261538, -96.3501
3.269230, -96.3680
3.276922, -96.0407
3.284614, -95.5221
3.292307, -94.8032
3.299999, -94.2546
3.307691, -94.0945
3.315384, -91.7975
3.323076, -83.0549
3.330768, -76.9868
3.338461, -74.4996
3.346153, -74.0862
3.353845, -74.9652
3.361537, -77.9472
3.369230, -84.4432
3.376922, -92.4088
3.384614, -93.8292
3.392307, -94.2170
3.399999, -95.0191
3.407691, -95.7087
3.415384, -96.3992
3.423076, -96.2677
3.430768, -96.0526
3.438461, -95.8321
3.446153, -95.4526
3.453845, -94.7437
3.461537, -95.1683
3.469230, -95.7291
3.476922, -95.9157
3.484614, -95.9571
3.492307, -95.8258
3.499999, -95.2574
3.507691, -94.3871
3.515384, -93.5389
3.523076, -93.4106
3.530768, -93.7550
3.538461, -94.3473
3.546153, -94.7705
3.553845, -94.5709
3.561537, -94.2215
3.569230, -93.3292
3.576922, -92.9295
3.584614, -92.7761
3.592307, -92.9881
3.599999, -93.8129
3.607691, -93.7973
3.615384, -93.8735
3.623076, -93.9246
3.630768, -95.4428
3.638460, -96.6497
3.646153, -97.0974
3.653845, -97.1966
3.661537, -97.4180
3.669230, -97.5250
3.676922, -97.2698
3.684614, -96.8343
3.692307, -95.2542
3.699999, -92.7216
3.707691, -92.7801
3.715384, -93.1997
3.723076, -93.4738
3.730768, -93.4476
3.738460, -94.0149
3.746153, -95.4895
3.753845, -95.8001
3.761537, -95.3872
3.769230, -94.2495
3.776922, -94.3247
3.784614, -94.2560
3.792307, -94.2974
3.799999, -94.5770
3.807691, -94.4987
3.815384, -94.8690
3.823076, -95.0180
3.830768, -94.5840
3.838460, -94.9257
3.846153, -95.4045
3.853845, -95.5765
3.861537, -95.5670
3.869230, -95.3649
3.876922, -95.4863
3.884614, -96.1888
3.892307, -97.2337
3.899999, -97.9119
3.907691, -97.3911
3.915383, -96.2868
3.923076, -95.1702
3.930768, -94.1592
3.938460, -93.3728
3.946153, -93.0477
3.953845, -93.2453
3.961537, -93.8326
3.969230, -94.6936
3.976922, -95.4442
3.984614, -96.0403
3.992307, -97.4567
3.999999, -96.7048
4.007691, -95.2917
4.015383, -94.8225
4.023076, -94.8182
4.030768, -95.1139
4.038460, -95.2501
4.046153, -95.8867
4.053845, -95.9791
4.061537, -95.8275
4.069230, -95.7250
4.076922, -95.9847
4.084614, -95.7427
4.092307, -94.9120
4.099999, -94.3919
4.107691, -94.3584
4.115383, -94.7682
4.123076, -95.5770
4.130768, -96.2017
4.138460, -97.0144
4.146153, -97.7410
4.153845, -96.9687
4.161537, -95.5333
4.169230, -95.2856
4.176922, -96.7136
4.184614, -97.3155
4.192306, -97.5428
4.199999, -98.1068
4.207691, -97.8098
4.215383, -97.0371
4.223076, -96.3587
4.230768, -95.8968
4.238460, -95.4965
4.246153, -94.8067
4.253845, -93.5606
4.261537, -93.6180
4.269230, -93.0874
4.276922, -92.1919
4.284614, -92.1657
4.292306, -92.7466
4.299999, -93.3837
4.307691, -93.4385
4.315383, -94.4156
4.323076, -95.4376
4.330768, -95.4119
4.338460, -94.5888
4.346153, -93.5523
4.353845, -93.2525
4.361537, -93.9078
4.369230, -94.4158
4.376922, -94.6228
4.384614, -94.8761
4.392306, -95.0705
4.399999, -94.7865
4.407691, -94.7078
4.415383, -94.6201
4.423076, -94.5301
4.430768, -94.8473
4.438460, -95.3124
4.446153, -95.3053
4.453845, -94.9757
4.461537, -94.7954
4.469229, -94.9915
4.476922, -95.7052
4.484614, -96.2982
4.492306, -96.4646
4.499999, -96.3550
4.507691, -95.9331
4.515383, -95.1426
4.523076, -94.5306
4.530768, -94.2812
4.538460, -94.3326
4.546153, -94.8034
4.553845, -95.4979
4.561537, -96.1223
4.569229, -96.7980
4.576922, -97.0148
4.584614, -96.5806
4.592306, -96.0443
4.599999, -95.2672
4.607691, -96.0702
4.615383, -96.8497
4.623076, -96.7271
4.630768, -96.1259
4.638460, -96.0945
4.646153, -96.1730
4.653845, -96.0110
4.661537, -95.9296
4.669229, -95.6648
4.676922, -95.5466
4.684614, -95.7182
4.692306, -95.9620
4.699999, -96.2298
4.707691, -95.8590
4.715383, -95.2274
4.723076, -95.0007
4.730768, -94.5176
4.738460, -93.8225
4.746152, -93.3852
4.753845, -93.2527
4.761537, -93.7178
4.769229, -95.2064
4.776922, -95.9979
4.784614, -96.1453
4.792306, -96.3041
4.799999, -95.6441
4.807691, -95.6241
4.815383, -96.1881
4.823076, -96.7396
4.830768, -96.8375
4.838460, -96.6264
4.846152, -96.2911
4.853845, -96.1258
4.861537, -96.3216
4.869229, -96.8426
4.876922, -96.7683
4.884614, -95.4031
4.892306, -92.7685
4.899999, -91.7969
4.907691, -93.1561
4.915383, -94.9028
4.923075, -95.8261
4.930768, -95.6193
4.938460, -94.9792
4.946152, -94.2801
4.953845, -94.0940
4.961537, -93.9702
4.969229, -93.5604
4.976922, -93.7016
4.984614, -94.3697
4.992306, -94.8775
4.999999, -90.9642
5.007691, -88.6347
5.015383, -87.9807
5.023075, -88.3392
5.030768, -89.9545
5.038460, -93.0865
5.046152, -95.0839
5.053845, -94.8301
5.061537, -94.8236
5.069229, -94.4282
5.076922, -94.1965
5.084614, -94.7711
5.092306, -95.3900
5.099999, -96.0664
5.107691, -96.0145
5.115383, -95.3976
5.123075, -95.0238
5.130768, -94.9341
5.138460, -95.1843
5.146152, -95.7357
5.153845, -96.4369
5.161537, -96.8406
5.169229, -96.4418
5.176922, -95.5573
5.184614, -95.5097
5.192306, -95.0056
5.199998, -93.5546
5.207691, -92.9720
5.215383, -92.3142
5.223075, -90.5928
5.230768, -87.7167
5.238460, -82.9781
5.246152, -79.3460
5.253845, -77.8827
5.261537, -77.7748
5.269229, -79.0861
5.276922, -83.1560
5.284614, -90.2374
5.292306, -94.6615
5.299998, -95.1059
5.307691, -94.9837
5.315383, -94.5679
5.323075, -93.7405
5.330768, -93.1266
5.338460, -92.9911
5.346152, -93.2233
5.353845, -93.9981
5.361537, -94.8251
5.369229, -95.2485
5.376922, -95.6901
5.384614, -95.9423
5.392306, -96.0375
5.399998, -95.1777
5.407691, -94.0363
5.415383, -93.4111
5.423075, -93.2548
5.430768, -93.6393
5.438460, -94.4636
5.446152, -95.0370
5.453845, -95.5992
5.461537, -96.5261
5.469229, -96.9020
5.476921, -96.4577
5.484614, -95.8903
5.492306, -95.2550
5.499998, -94.9621
5.507691, -94.9090
5.515383, -94.8831
5.523075, -95.1565
5.530768, -95.0228
5.538460, -94.7155
5.546152, -94.7403
5.553845, -95.0225
5.561537, -95.5419
5.569229, -95.7991
5.576921, -95.6214
5.584614, -94.7256
5.592306, -94.3282
5.599998, -94.9051
5.607691, -95.2336
5.615383, -95.8205
5.623075, -96.2295
5.630768, -96.5909
5.638460, -96.9016
5.646152, -96.9991
5.653845, -96.8367
5.661537, -96.2466
5.669229, -95.6435
5.676921, -95.5453
5.684614, -96.0495
5.692306, -96.3982
5.699998, -96.0405
5.707691, -95.6282
5.715383, -95.4673
5.723075, -95.8711
5.730768, -96.2622
5.738460, -96.2454
5.746152, -95.9461
5.753844, -95.3606
5.761537, -96.1448
5.769229, -97.0762
5.776921, -97.5652
5.784614, -97.4884
5.792306, -97.0894
5.799998, -96.5654
5.807691, -95.9808
5.815383, -96.1177
5.823075, -96.5206
5.830768, -96.8497
5.838460, -96.4869
5.846152, -97.3453
5.853844, -97.6035
5.861537, -97.4121
5.869229, -96.8912
5.876921, -96.3581
5.884614, -95.5992
5.892306, -94.9987
5.899998, -95.0055
5.907691, -95.6667
5.915383, -96.9428
5.923075, -98.0123
5.930768, -98.4998
5.938460, -98.6247
5.946152, -98.3607
5.953844, -97.9575
5.961537, -97.4990
5.969229, -97.0035
5.976921, -96.8411
5.984614, -97.1731
5.992306, -97.6863
5.999998, -99.9616
6.007691, -99.6952
6.015383, -98.6061
6.023075, -97.2666
6.030767, -96.4295
6.038460, -95.8844
6.046152, -96.0742
6.053844, -96.2922
6.061537, -96.4753
6.069229, -96.7060
6.076921, -96.4519
6.084614, -95.7770
6.092306, -95.2834
6.099998, -95.2034
6.107691, -95.6628
6.115383, -96.4884
6.123075, -97.1476
6.130767, -97.5416
6.138460, -97.9637
6.146152, -98.3285
6.153844, -98.0593
6.161537, -96.9826
6.169229, -96.0744
6.176921, -94.7360
6.184614, -94.5444
6.192306, -95.4562
6.199998, -96.4645
6.207690, -97.1581
6.215383, -97.7426
6.223075, -97.9349
6.230767, -98.2507
6.238460, -97.9177
6.246152, -96.8379
6.253844, -96.5149
6.261537, -96.4532
6.269229, -96.8393
6.276921, -97.2360
6.284614, -97.1884
6.292306, -97.1715
6.299998, -97.4102
6.307690, -97.9230
6.315383, -98.5205
6.323075, -98.6991
6.330767, -98.3192
6.338460, -97.4905
6.346152, -96.7342
6.353844, -96.1658
6.361537, -95.9034
6.369229, -95.2080
6.376921, -94.9893
6.384614, -95.2146
6.392306, -95.5471
6.399998, -94.6186
6.407690, -94.9619
6.415383, -96.0848
6.423075, -97.7611
6.430767, -97.4948
6.438460, -96.7446
6.446152, -95.8451
6.453844, -95.1702
6.461537, -94.8048
6.469229, -94.7040
6.476921, -94.8716
6.484613, -95.1226
6.492306, -94.9624
6.499998, -94.9492
6.507690, -94.4693
6.515383, -93.9179
6.523075, -94.5295
6.530767, -95.4901
6.538460, -96.2045
6.546152, -96.7168
6.553844, -96.8002
6.561537, -96.5326
6.569229, -97.3097
6.576921, -97.3167
6.584613, -96.8758
6.592306, -96.7840
6.599998, -97.0149
6.607690, -96.9124
6.615383, -97.0974
6.623075, -96.7730
6.630767, -96.4035
6.638460, -96.2664
6.646152, -96.0428
6.653844, -95.9475
6.661537, -93.2518
6.669229, -85.7261
6.676921, -80.8778
6.684613, -78.9171
6.692306, -78.5949
6.699998, -79.7851
6.707690, -83.5535
6.715383, -90.6171
6.723075, -95.8339
6.730767, -96.1969
6.738460, -96.5084
6.746152, -97.3398
6.753844, -98.3886
6.761536, -98.6013
6.769229, -97.8877
6.776921, -97.3519
6.784613, -97.1849
6.792306, -97.0627
6.799998, -95.0781
6.807690, -94.9689
6.815383, -95.0968
6.823075, -95.6820
6.830767, -96.4459
6.838460, -96.7350
6.846152, -96.4920
6.853844, -96.1326
6.861536, -95.8412
6.869229, -96.0526
6.876921, -96.6930
6.884613, -96.9379
6.892306, -96.5671
6.899998, -95.8196
6.907690, -94.9520
6.915383, -94.0653
6.923075, -93.7766
6.930767, -94.2120
6.938460, -95.0375
6.946152, -95.9408
6.953844, -96.6658
6.961536, -96.7363
6.969229, -96.5032
6.976921, -96.4575
6.984613, -96.4919
6.992306, -96.6312
6.999998, -96.5214
7.007690, -96.4431
7.015383, -96.1525
7.023075, -95.9684
7.030767, -96.0372
7.038459, -95.6853
7.046152, -94.7757
7.053844, -94.8218
7.061536, -95.2825
7.069229, -96.3084
7.076921, -97.1272
7.084613, -97.3197
7.092306, -97.7014
7.099998, -98.0906
7.107690, -97.3411
7.115383, -95.8294
7.123075, -95.0085
7.130767, -95.0406
7.138459, -95.8104
7.146152, -96.6494
7.153844, -97.4013
7.161536, -97.6004
7.169229, -97.1698
7.176921, -96.7204
7.184613, -96.5858
7.192306, -96.8855
7.199998, -97.6557
7.207690, -96.9122
7.215383, -96.7875
7.223075, -96.2552
7.230767, -95.5400
7.238459, -96.0003
7.246152, -97.1040
7.253844, -97.7722
7.261536, -97.8618
7.269229, -97.6020
7.276921, -96.9786
7.284613, -96.2293
7.292306, -96.4266
7.299998, -95.7532
7.307690, -95.8412
7.315382, -95.9783
7.323075, -96.0843
7.330767, -96.3981
7.338459, -97.0712
7.346152, -97.4638
7.353844, -97.6390
7.361536, -97.7670
7.369229, -97.7076
7.376921, -97.8450
7.384613, -98.0967
7.392306, -98.2386
7.399998, -95.6314
7.407690, -96.5960
7.415382, -97.3026
7.423075, -96.8830
7.430767, -95.9745
7.438459, -95.6988
7.446152, -95.9747
7.453844, -96.6715
7.461536, -97.1234
7.469229, -96.0910
7.476921, -94.7563
7.484613, -93.9875
7.492306, -93.7331
7.499998, -94.2025
7.507690, -94.9776
7.515382, -95.4953
7.523075, -95.6872
7.530767, -95.7051
7.538459, -95.9299
7.546152, -96.3302
7.553844, -96.5313
7.561536, -96.4811
7.569229, -96.7369
7.576921, -96.8166
7.584613, -96.8858
7.592305, -97.4104
7.599998, -96.8587
7.607690, -96.4528
7.615382, -96.8502
7.623075, -97.1267
7.630767, -97.0404
7.638459, -97.0419
7.646152, -96.9235
7.653844, -97.0870
7.661536, -97.6889
7.669229, -98.7182
7.676921, -99.4864
7.684613, -98.2877
7.692305, -96.5874
7.699998, -95.7823
7.707690, -95.7527
7.715382, -96.4540
7.723075, -97.5608
7.730767, -97.9189
7.738459, -98.2077
7.746152, -98.4902
7.753844, -97.9037
7.761536, -97.0529
7.769228, -96.8637
7.776921, -96.9607
7.784613, -97.1425
7.792305, -97.5753
7.799998, -97.5556
7.807690, -96.8736
7.815382, -96.5497
7.823075, -96.2541
7.830767, -96.2840
7.838459, -96.5658
7.846152, -96.3837
7.853844, -95.9144
7.861536, -94.9426
7.869228, -92.3353
7.876921, -89.8957
7.884613, -88.8738
7.892305, -88.9222
7.899998, -90.2606
7.907690, -92.9135
7.915382, -94.4891
7.923075, -94.1172
7.930767, -93.5921
7.938459, -93.5561
7.946152, -93.7720
7.953844, -94.2886
7.961536, -94.8906
7.969228, -95.4194
7.976921, -96.1449
7.984613, -96.7637
7.992305, -97.1438
7.999998, -98.3922
8.007690, -97.9530
8.015382, -97.4100
8.023075, -96.8305
8.030767, -96.8317
8.038459, -96.8154
8.046151, -96.1887
8.053844, -95.5578
8.061536, -95.3331
8.069228, -95.4657
8.076921, -96.2086
8.084613, -97.3047
8.092305, -97.8979
8.099998, -98.0786
8.107690, -98.3908
8.115382, -98.9959
8.123075, -99.7675
8.130767, -99.2730
8.138459, -98.1301
8.146151, -97.1198
8.153844, -96.4645
8.161536, -96.4583
8.169228, -96.7980
8.176921, -97.2670
8.184613, -97.6321
8.192305, -97.6663
8.199998, -97.2346
8.207690, -97.4887
8.215382, -98.0363
8.223075, -98.2168
8.230767, -98.3428
8.238459, -97.8775
8.246151, -96.9316
8.253844, -96.0759
8.261536, -95.5143
8.269228, -95.5014
8.276921, -95.5475
8.284613, -95.4530
8.292305, -95.8929
8.299998, -96.2269
8.307690, -96.3572
8.315382, -96.1858
8.323074, -95.9206
8.330767, -95.1287
8.338459, -91.8356
8.346151, -87.3663
8.353844, -85.0178
8.361536, -84.5057
8.369228, -85.1812
8.376921, -87.6053
8.384613, -92.1553
8.392305, -95.7473
8.399998, -97.3366
8.407690, -97.4427
8.415382, -96.8958
8.423074, -97.2797
8.430767, -97.0343
8.438459, -95.9231
8.446151, -94.7352
8.453844, -94.0911
8.461536, -94.1073
8.469228, -94.2942
8.476921, -95.0829
8.484613, -95.9124
8.492305, -96.3991
8.499998, -96.8081
8.507690, -96.8198
8.515382, -96.6468
8.523074, -96.7727
8.530767, -96.8256
8.538459, -96.9732
8.546151, -97.2924
8.553844, -97.7090
8.561536, -98.0953
8.569228, -98.4129
8.576921, -98.7693
8.584613, -98.8290
8.592305, -98.7247
8.599997, -97.2595
8.607690, -96.3308
8.615382, -95.7835
8.623074, -95.4046
8.630767, -95.3154
8.638459, -95.4334
8.646151, -95.9588
8.653844, -96.9644
8.661536, -97.1888
8.669228, -96.8256
8.676921, -95.2222
8.684613, -94.1717
8.692305, -94.7784
8.699997, -92.0165
8.707690, -92.3490
8.715382, -92.9926
8.723074, -93.5734
8.730767, -94.6811
8.738459, -95.6674
8.746151, -96.0209
8.753844, -95.8241
8.761536, -95.5722
8.769228, -95.5203
8.776921, -95.5811
8.784613, -95.3988
8.792305, -95.0247
8.799997, -96.7754
8.807690, -96.7092
8.815382, -96.7541
8.823074, -96.8041
8.830767, -96.8967
8.838459, -96.6688
8.846151, -96.3435
8.853844, -96.3352
8.861536, -96.6540
8.869228, -97.4509
8.876920, -98.1685
8.884613, -97.8733
8.892305, -96.9174
8.899997, -96.1352
8.907690, -95.9180
8.915382, -95.3035
8.923074, -94.6415
8.930767, -94.3534
8.938459, -94.4961
8.946151, -95.0368
8.953844, -95.5615
8.961536, -96.3608
8.969228, -97.2532
8.976920, -97.8885
8.984613, -98.4200
8.992305, -97.8689
8.999997, -97.3375
9.007690, -96.7678
9.015382, -97.0813
9.023074, -97.5761
9.030767, -97.1868
9.038459, -96.9109
9.046151, -98.0929
9.053844, -98.7502
9.061536, -98.8752
9.069228, -98.9331
9.076920, -98.6867
9.084613, -97.8176
9.092305, -96.3610
9.099997, -95.3996
9.107690, -95.3678
9.115382, -96.0808
9.123074, -97.2201
9.130767, -97.2300
9.138459, -96.2124
9.146151, -95.6194
9.153843, -95.7066
9.161536, -96.2422
9.169228, -96.9128
9.176920, -97.3119
9.184613, -97.1448
9.192305, -96.0168
9.199997, -95.9916
9.207690, -95.8619
9.215382, -96.1441
9.223074, -96.7171
9.230767, -97.3599
9.238459, -97.7964
9.246151, -97.5288
9.253843, -96.6776
9.261536, -96.2799
9.269228, -96.2330
9.276920, -96.4850
9.284613, -96.7404
9.292305, -96.4279
9.299997, -96.3015
9.307690, -96.7700
9.315382, -97.4478
9.323074, -97.7861
9.330766, -97.5860
9.338459, -97.1574
9.346151, -96.8195
9.353843, -96.9355
9.361536, -97.1005
9.369228, -97.1512
9.376920, -97.1468
9.384613, -97.1067
9.392305, -96.8618
9.399997, -96.7830
9.407690, -96.7446
9.415382, -96.9962
9.423074, -97.1515
9.430766, -97.0835
9.438459, -97.1913
9.446151, -97.0959
9.453843, -96.9494
9.461536, -96.9201
9.469228, -96.8575
9.476920, -97.2978
9.484613, -98.0567
9.492305, -98.7271
9.499997, -99.4431
9.507690, -99.8962
9.515382, -99.6733
9.523074, -98.9804
9.530766, -98.2068
9.538459, -97.4808
9.546151, -96.6559
9.553843, -96.0559
9.561536, -95.8652
9.569228, -96.1194
9.576920, -96.7423
9.584613, -96.6609
9.592305, -95.6071
9.599997, -94.7656
9.607689, -95.1461
9.615382, -95.4039
9.623074, -95.1517
9.630766, -94.6989
9.638459, -94.6185
9.646151, -94.9612
9.653843, -95.3806
9.661536, -95.1158
9.669228, -94.4679
9.676920, -94.7120
9.684613, -93.6286
9.692305, -93.0214
9.699997, -95.2565
9.707689, -95.1301
9.715382, -94.6229
9.723074, -94.4518
9.730766, -94.8344
9.738459, -95.4236
9.746151, -95.8710
9.753843, -95.7204
9.761536, -95.3090
9.769228, -95.0499
9.776920, -95.1170
9.784613, -95.5094
9.792305, -95.8927
9.799997, -96.1310
9.807689, -95.8062
9.815382, -95.6835
9.823074, -96.3969
9.830766, -97.2054
9.838459, -97.7869
9.846151, -97.4779
9.853843, -96.7606
9.861536, -96.3159
9.869228, -96.2958
9.876920, -96.7526
9.884612, -96.9167
9.892305, -96.8659
9.899997, -97.1760
9.907689, -97.6104
9.915382, -97.7279
9.923074, -97.2315
9.930766, -96.6254
9.938459, -96.4392
9.946151, -96.8088
9.953843, -97.2132
9.961536, -96.6821
9.969228, -96.2053
9.976920, -96.5292
9.984612, -96.7070
9.992305, -96.5324
9.999997, -97.0661
10.007689, -96.0720
10.015382, -93.0648
10.023074, -90.4268
10.030766, -89.1365
10.038459, -88.7716
10.046151, -89.6809
10.053843, -91.8355
10.061536, -92.7093
10.069228, -93.0416
10.076920, -93.9178
10.084612, -94.6009
10.092305, -95.5825
10.099997, -96.9658
10.107689, -97.6560
10.115382, -97.6552
10.123074, -97.0858
10.130766, -96.2092
10.138459, -95.6969
10.146151, -95.5559
10.153843, -95.5347
10.161535, -95.4607
10.169228, -95.2098
10.176920, -94.9945
10.184612, -95.3202
10.192305, -96.2869
10.199997, -94.5581
10.207689, -95.3154
10.215382, -96.4594
10.223074, -96.7767
10.230766, -95.7799
10.238459, -94.0045
10.246151, -96.5877
10.253843, -98.2252
10.261535, -97.2541
10.269228, -95.8547
10.276920, -94.7377
10.284612, -94.1651
10.292305, -94.0912
10.299997, -94.3810
10.307689, -95.0451
10.315382, -95.9327
10.323074, -96.7802
10.330766, -97.1106
10.338459, -97.0140
10.346151, -96.6678
10.353843, -96.0320
10.361535, -95.2974
10.369228, -94.7275
10.376920, -95.8035
10.384612, -97.0079
10.392305, -97.1233
10.399997, -97.1946
10.407689, -97.7780
10.415382, -97.8397
10.423074, -97.6705
10.430766, -97.4334
10.438458, -97.0554
10.446151, -96.7682
10.453843, -96.3327
10.461535, -95.3813
10.469228, -94.1537
10.476920, -92.8887
10.484612, -91.6290
10.492305, -90.3011
10.499997, -88.3580
10.507689, -86.9330
10.515382, -86.6883
10.523074, -87.4789
10.530766, -89.7809
10.538458, -93.8601
10.546151, -96.1922
10.553843, -95.7877
10.561535, -94.8782
10.569228, -94.3221
10.576920, -94.2639
10.584612, -94.7422
10.592305, -95.3750
10.599997, -95.9603
10.607689, -95.0887
10.615382, -94.3620
10.623074, -94.1118
10.630766, -94.8143
10.638458, -95.1649
10.646151, -95.8263
10.653843, -96.2496
10.661535, -96.5833
10.669228, -96.5954
10.676920, -96.1451
10.684612, -95.1113
10.692305, -94.1289
10.699997, -93.9570
10.707689, -94.1816
10.715381, -94.3471
10.723074, -94.6793
10.730766, -94.8050
10.738458, -94.5902
10.746151, -94.2085
10.753843, -94.0361
10.761535, -94.2843
10.769228, -95.0383
10.776920, -95.7426
10.784612, -94.9784
10.792305, -96.2977
10.799997, -96.7183
10.807689, -95.5216
10.815381, -95.7570
10.823074, -95.3207
10.830766, -94.9514
10.838458, -94.9650
10.846151, -95.1061
10.853843, -95.0751
10.861535, -95.1788
10.869228, -95.6547
10.876920, -96.4572
10.884612, -97.2281
10.892304, -97.8672
10.899997, -98.1704
10.907689, -97.8756
10.915381, -97.1798
10.923074, -96.3440
10.930766, -95.5439
10.938458, -95.3935
10.946151, -95.8751
10.953843, -96.8758
10.961535, -98.0720
10.969228, -98.2708
10.976920, -97.3431
10.984612, -96.6318
10.992304, -96.9541
10.999997, -96.3194
11.007689, -95.6086
11.015381, -95.7768
11.023074, -96.2024
11.030766, -96.2454
11.038458, -96.1519
11.046151, -96.4441
11.053843, -96.1372
11.061535, -95.6291
11.069228, -95.4305
11.076920, -95.4279
11.084612, -95.1994
11.092304, -95.2873
11.099997, -95.6976
11.107689, -95.9405
11.115381, -95.8843
11.123074, -95.7293
11.130766, -95.2930
11.138458, -94.8857
11.146151, -94.8568
11.153843, -94.5929
11.161535, -94.9981
11.169227, -95.5675
11.176920, -95.9823
11.184612, -96.1379
11.192304, -96.2530
11.199997, -96.1109
11.207689, -95.5126
11.215381, -95.6094
11.223074, -95.4979
11.230766, -95.1473
11.238458, -94.8169
11.246151, -94.4885
11.253843, -94.8889
11.261535, -95.5101
11.269227, -95.8536
11.276920, -95.4759
11.284612, -95.1497
11.292304, -95.3400
11.299997, -93.6019
11.307689, -93.9595
11.315381, -94.2039
11.323074, -94.5698
11.330766, -95.3424
11.338458, -95.5921
11.346151, -95.7051
11.353843, -96.1463
11.361535, -96.6747
11.369227, -97.2093
11.376920, -97.5465
11.384612, -96.9693
11.392304, -95.8821
11.399997, -94.7500
11.407689, -94.2026
11.415381, -94.6524
11.423074, -95.2402
11.430766, -95.6959
11.438458, -95.7674
11.446150, -95.3961
11.453843, -95.0423
11.461535, -94.8551
11.469227, -95.0497
11.476920, -95.6025
11.484612, -95.9414
11.492304, -95.6744
11.499997, -95.5971
11.507689, -95.8107
11.515381, -95.5439
11.523074, -95.1568
11.530766, -94.5854
11.538458, -94.0455
11.546150, -94.1295
11.553843, -94.6531
11.561535, -95.3383
11.569227, -96.2071
11.576920, -96.5819
11.584612, -96.0137
11.592304, -95.4113
11.599997, -95.2960
11.607689, -94.8921
11.615381, -95.4052
11.623074, -96.0494
11.630766, -96.4653
11.638458, -96.4506
11.646150, -95.8812
11.653843, -95.0183
11.661535, -94.3490
11.669227, -94.4808
11.676920, -93.7103
11.684612, -89.2495
11.692304, -84.7147
11.699997, -82.6214
11.707689, -82.2374
11.715381, -83.1777
11.723073, -86.3268
11.730766, -91.7916
11.738458, -94.9821
11.746150, -94.4947
11.753843, -94.0941
11.761535, -95.0413
11.769227, -95.6633
11.776920, -95.7893
11.784612, -96.4724
11.792304, -97.0841
11.799997, -95.7089
11.807689, -95.8085
11.815381, -96.2073
11.823073, -96.0182
11.830766, -95.4070
11.838458, -94.4793
11.846150, -93.5281
11.853843, -93.0385
11.861535, -93.6079
11.869227, -95.0933
11.876920, -96.2214
11.884612, -96.1366
11.892304, -95.4139
11.899997, -94.8130
11.907689, -94.5849
11.915381, -94.3882
11.923073, -94.1616
11.930766, -93.6598
11.938458, -93.3147
11.946150, -93.5617
11.953843, -94.1978
11.961535, -94.9251
11.969227, -94.8009
11.976920, -93.6233
11.984612, -93.5739
11.992304, -94.4812
11.999996, -95.7620
12.007689, -96.1625
12.015381, -96.3952
12.023073, -95.8742
12.030766, -95.0377
12.038458, -94.3019
12.046150, -93.8787
12.053843, -93.9131
12.061535, -94.2406
12.069227, -94.7210
12.076920, -95.2366
12.084612, -95.0983
12.092304, -94.6792
12.099996, -94.4466
12.107689, -94.3639
12.115381, -94.2355
12.123073, -94.0557
12.130766, -93.3340
12.138458, -92.3855
12.146150, -92.2834
12.153843, -92.7364
12.161535, -93.4474
12.169227, -94.7108
12.176920, -96.1160
12.184612, -96.7211
12.192304, -96.5887
12.199996, -96.8905
12.207689, -96.4468
12.215381, -95.7720
12.223073, -94.8573
12.230766, -94.4470
12.238458, -94.1246
12.246150, -93.8556
12.253843, -93.8570
12.261535, -94.0765
12.269227, -94.4056
12.276919, -94.7029
12.284612, -95.1254
12.292304, -95.6819
12.299996, -96.1645
12.307689, -96.2343
12.315381, -95.5312
12.323073, -94.7226
12.330766, -93.8410
12.338458, -93.1045
12.346150, -92.9500
12.353843, -93.1653
12.361535, -93.8676
12.369227, -94.7435
12.376919, -95.3771
12.384612, -95.3977
12.392304, -95.7805
12.399996, -99.9420
12.407689, -99.3208
12.415381, -98.4347
12.423073, -97.8256
12.430766, -97.3265
12.438458, -96.8281
12.446150, -95.9321
12.453842, -95.9737
12.461535, -96.3387
12.469227, -96.3591
12.476919, -96.0395
12.484612, -97.0308
12.492304, -96.9012
12.499996, -95.6891
12.507689, -93.7497
12.515381, -92.8769
12.523073, -93.7471
12.530766, -93.2561
12.538458, -92.6907
12.546150, -92.7220
12.553842, -93.3449
12.561535, -94.2432
12.569227, -94.9529
12.576919, -94.7433
12.584612, -94.0507
12.592304, -93.9285
12.599996, -94.4457
12.607689, -93.4924
12.615381, -93.4508
12.623073, -93.4914
12.630766, -93.9735
12.638458, -94.8978
12.646150, -95.8174
12.653842, -95.9382
12.661535, -95.6386
12.669227, -95.6732
12.676919, -95.8843
12.684612, -95.8444
12.692304, -95.4134
12.699996, -95.2062
12.707689, -95.1386
12.715381, -95.0624
12.723073, -95.1385
12.730765, -95.1650
12.738458, -94.9225
12.746150, -94.6527
12.753842, -94.4215
12.761535, -94.4165
12.769227, -94.7385
12.776919, -95.0487
12.784612, -94.3021
12.792304, -94.1370
12.799996, -94.2671
12.807689, -94.3921
12.815381, -94.7899
12.823073, -94.9848
12.830765, -94.5420
12.838458, -93.8935
12.846150, -93.2792
12.853842, -92.9065
12.861535, -92.8333
12.869227, -92.8606
12.876919, -92.9358
12.884612, -93.4039
12.892304, -94.3834
12.899996, -95.4346
12.907689, -96.0357
12.915381, -95.9911
12.923073, -96.1560
12.930765, -96.4927
12.938458, -96.8742
12.946150, -97.2219
12.953842, -96.8985
12.961535, -95.8387
12.969227, -95.8416
12.976919, -95.8202
12.984612, -95.5408
12.992304, -95.0709
12.999996, -94.4388
13.007688, -93.9282
13.015381, -94.0591
13.023073, -94.0995
13.030765, -94.4717
13.038458, -94.3214
13.046150, -94.0649
13.053842, -93.7783
13.061535, -93.5840
13.069227, -93.4880
13.076919, -93.4918
13.084612, -93.5387
13.092304, -93.6075
13.099996, -93.8037
13.107688, -93.6607
13.115381, -92.4211
13.123073, -89.4210
13.130765, -86.2009
13.138458, -84.5694
13.146150, -84.4692
13.153842, -85.5867
13.161535, -88.3887
13.169227, -92.5881
13.176919, -94.2435
13.184612, -92.4637
13.192304, -92.3859
13.199996, -94.4965
13.207688, -95.5564
13.215381, -96.3306
13.223073, -95.9909
13.230765, -95.0661
13.238458, -95.7112
13.246150, -94.9893
13.253842, -94.0742
13.261535, -94.9328
13.269227, -95.4126
13.276919, -95.3380
13.284611, -95.0495
13.292304, -94.7339
13.299996, -94.6358
13.307688, -94.5050
13.315381, -93.8673
13.323073, -93.1033
13.330765, -93.7340
13.338458, -94.2974
13.346150, -94.4996
13.353842, -94.4095
13.361535, -93.0739
13.369227, -91.4741
13.376919, -90.8372
13.384611, -91.0114
13.392304, -92.2773
13.399996, -94.1934
13.407688, -93.8722
13.415381, -93.9752
13.423073, -94.5875
13.430765, -95.1977
13.438458, -95.7142
13.446150, -95.9355
13.453842, -95.8799
13.461535, -95.5610
13.469227, -94.9809
13.476919, -94.2023
13.484611, -93.8292
13.492304, -94.2622
13.499996, -95.2912
13.507688, -96.7411
13.515381, -97.9333
13.523073, -97.7582
13.530765, -96.8405
13.538458, -95.9783
13.546150, -95.2037
13.553842, -94.8996
13.561534, -95.1924
13.569227, -95.9305
13.576919, -96.6730
13.584611, -96.3424
13.592304, -94.6271
13.599996, -96.1650
13.607688, -96.9967
13.615381, -97.4205
13.623073, -97.0327
13.630765, -96.1498
13.638458, -95.6431
13.646150, -95.5462
13.653842, -95.6217
13.661534, -94.3799
13.669227, -93.9757
13.676919, -93.6845
13.684611, -93.0407
13.692304, -92.3942
13.699996, -92.6865
13.707688, -92.9047
13.715381, -92.3990
13.723073, -92.3058
13.730765, -92.6165
13.738458, -93.5186
13.746150, -94.7896
13.753842, -96.0290
13.761534, -97.0497
13.769227, -97.5441
13.776919, -97.5398
13.784611, -97.5939
13.792304, -97.8402
13.799996, -95.6172
13.807688, -95.8172
13.815381, -96.0875
13.823073, -95.6846
13.830765, -95.1770
13.838457, -94.7731
13.846150, -94.1218
13.853842, -93.9561
13.861534, -94.0552
13.869227, -94.0644
13.876919, -93.9955
13.884611, -93.6254
13.892304, -93.3193
13.899996, -93.8345
13.907688, -94.8523
13.915381, -95.6704
13.923073, -95.6050
13.930765, -94.8684
13.938457, -94.5407
13.946150, -94.4606
13.953842, -94.5509
13.961534, -94.6731
13.969227, -94.5717
13.976919, -95.5042
13.984611, -96.0270
13.992304, -96.2153
13.999996, -96.4098
14.007688, -95.5882
14.015380, -95.5740
14.023073, -95.8738
14.030765, -95.8418
14.038457, -95.7703
14.046150, -95.7452
14.053842, -96.0527
14.061534, -96.7463
14.069227, -96.9191
14.076919, -96.2369
14.084611, -95.2553
14.092304, -94.6816
14.099996, -94.8667
14.107688, -95.3738
14.115380, -95.4787
14.123073, -95.3068
14.130765, -95.3977
14.138457, -95.8496
14.146150, -96.7801
14.153842, -97.8990
14.161534, -98.1218
14.169227, -97.5917
14.176919, -96.4148
14.184611, -95.0533
14.192304, -95.3335
14.199996, -96.0701
14.207688, -95.5368
14.215380, -95.6276
14.223073, -95.3717
14.230765, -94.8180
14.238457, -94.3408
14.246150, -94.3813
14.253842, -95.0298
14.261534, -96.0717
14.269227, -96.9637
14.276919, -97.0756
14.284611, -96.2373
14.292303, -95.1950
14.299996, -94.6786
14.307688, -94.7642
14.315380, -95.4679
14.323073, -96.6059
14.330765, -96.7756
14.338457, -95.9663
14.346150, -95.4257
14.353842, -95.2354
14.361534, -95.3074
14.369227, -95.6799
14.376919, -95.9235
14.384611, -95.8945
14.392303, -95.8842
14.399996, -94.5398
14.407688, -95.5900
14.415380, -97.1603
14.423073, -97.5836
14.430765, -97.0558
14.438457, -96.6266
14.446150, -96.3689
14.453842, -95.9053
14.461534, -94.9867
14.469227, -94.1794
14.476919, -93.7923
14.484611, -93.7265
14.492303, -94.1080
14.499996, -94.4914
14.507688, -94.5365
14.515380, -94.3825
14.523073, -94.2892
14.530765, -94.3398
14.538457, -94.5384
14.546150, -94.8635
14.553842, -95.3914
14.561534, -96.1078
14.569226, -96.9674
14.576919, -97.5176
14.584611, -97.4286
14.592303, -96.7607
14.599996, -94.5626
14.607688, -94.9102
14.615380, -94.8689
14.623073, -94.8507
14.630765, -94.9671
14.638457, -94.9785
14.646150, -94.9726
14.653842, -94.1132
14.661534, -93.4120
14.669226, -93.2478
14.676919, -93.8509
14.684611, -94.7675
14.692303, -95.3255
14.699996, -95.0382
14.707688, -94.3410
14.715380, -93.9241
14.723073, -94.0015
14.730765, -94.4053
14.738457, -94.8203
14.746150, -95.0463
14.753842, -95.2100
14.761534, -95.2929
14.769226, -95.2648
14.776919, -95.3166
14.784611, -95.5374
14.792303, -95.5560
14.799996, -94.3789
14.807688, -94.3408
14.815380, -94.2697
14.823073, -94.4991
14.830765, -94.8151
14.838457, -95.4224
14.846149, -96.5309
14.853842, -97.3168
14.861534, -97.5828
14.869226, -97.6262
14.876919, -97.5936
14.884611, -97.5768
14.892303, -97.6342
14.899996, -97.5569
14.907688, -96.7060
14.915380, -95.6421
14.923073, -95.0724
14.930765, -94.3577
14.938457, -93.6717
14.946149, -93.2920
14.953842, -93.4790
14.961534, -94.0736
14.969226, -94.3711
14.976919, -94.4883
14.984611, -94.3247
14.992303, -94.0029
14.999996, -94.9481
15.007688, -94.9669
15.015380, -94.9100
15.023073, -94.8479
15.030765, -93.0602
15.038457, -90.2692
15.046149, -88.7554
15.053842, -88.3707
15.061534, -89.1165
15.069226, -91.6378
15.076919, -94.8874
15.084611, -96.2934
15.092303, -96.6793
15.099996, -96.5122
15.107688, -96.0072
15.115380, -95.5036
15.123072, -95.3444
15.130765, -95.2961
15.138457, -95.3447
15.146149, -95.5955
15.153842, -96.0149
15.161534, -96.3151
15.169226, -95.9707
15.176919, -94.6461
15.184611, -94.4777
15.192303, -94.3672
15.199996, -94.2756
15.207688, -94.0357
15.215380, -94.5101
15.223072, -94.4872
15.230765, -94.4293
15.238457, -95.7464
15.246149, -96.0428
15.253842, -95.6613
15.261534, -95.0310
15.269226, -94.7167
15.276919, -94.5265
15.284611, -94.1313
15.292303, -93.5942
15.299996, -93.4261
15.307688, -93.5762
15.315380, -93.6790
15.323072, -93.9323
15.330765, -93.9161
15.338457, -93.4550
15.346149, -93.8196
15.353842, -93.9954
15.361534, -94.1448
15.369226, -94.5080
15.376919, -95.0083
15.384611, -95.5153
15.392303, -95.3776
15.399995, -90.6168
15.407688, -90.1626
15.415380, -90.7394
15.423072, -91.4891
15.430765, -93.8124
15.438457, -95.1459
15.446149, -94.8853
15.453842, -94.7492
15.461534, -94.4765
15.469226, -94.2263
15.476919, -94.2364
15.484611, -93.8264
15.492303, -93.6074
15.499995, -92.7455
15.507688, -92.8424
15.515380, -93.2042
15.523072, -94.1046
15.530765, -95.1485
15.538457, -96.0993
15.546149, -96.4683
15.553842, -96.4787
15.561534, -96.2840
15.569226, -95.1955
15.576918, -93.2636
15.584611, -92.7689
15.592303, -92.1306
15.599995, -94.6723
15.607688, -94.4231
15.615380, -94.9594
15.623072, -95.9365
15.630765, -95.7891
15.638457, -96.1507
15.646149, -96.7301
15.653842, -96.0461
15.661534, -95.8034
15.669226, -96.0434
15.676918, -95.3079
15.684611, -94.9018
15.692303, -94.9568
15.699995, -94.4282
15.707688, -94.0446
15.715380, -94.0497
15.723072, -94.4935
15.730765, -93.7350
15.738457, -91.4820
15.746149, -89.0108
15.753842, -86.8101
15.761534, -85.3119
15.769226, -85.0434
15.776918, -85.8645
15.784611, -87.8575
15.792303, -91.6253
15.799995, -95.2268
15.807688, -96.2018
15.815380, -96.7771
15.823072, -97.0176
15.830765, -97.0102
15.838457, -97.0989
15.846149, -96.8592
15.853841, -96.3205
15.861534, -95.7751
15.869226, -95.2830
15.876918, -95.2815
15.884611, -95.6000
15.892303, -95.8045
15.899995, -95.9713
15.907688, -95.9627
15.915380, -96.1414
15.923072, -96.9412
15.930765, -97.5664
15.938457, -97.8502
15.946149, -97.6199
15.953841, -96.1404
15.961534, -94.5092
15.969226, -93.7388
15.976918, -94.2003
15.984611, -94.3873
15.992303, -94.3936
15.999995, -95.1802
16.007688, -95.7213
16.015380, -96.3541
16.023072, -96.4736
16.030765, -96.1688
16.038457, -96.0656
16.046149, -96.0568
16.053841, -96.1602
16.061534, -96.0803
16.069226, -95.8276
16.076918, -95.7601
16.084611, -95.7942
16.092303, -95.8016
16.099995, -96.0548
16.107688, -95.6713
16.115380, -95.2435
16.123072, -95.3417
16.130764, -95.9261
16.138457, -96.8053
16.146149, -97.1008
16.153841, -96.6815
16.161534, -96.7558
16.169226, -95.9280
16.176918, -91.5677
16.184611, -87.1454
16.192303, -85.0819
16.199995, -93.9160
16.207688, -93.9495
16.215380, -93.7785
16.223072, -93.4281
16.230764, -92.8287
16.238457, -94.9335
16.246149, -96.2225
16.253841, -96.3933
16.261534, -96.4012
16.269226, -96.3001
16.276918, -96.2652
16.284611, -96.4047
16.292303, -97.1036
16.299995, -97.7642
16.307688, -97.6194
16.315380, -97.0363
16.323072, -96.2248
16.330764, -95.7574
16.338457, -95.8577
16.346149, -96.2904
16.353841, -96.6393
16.361534, -96.4325
16.369226, -96.2019
16.376918, -96.2352
16.384611, -95.7498
16.392303, -95.4424
16.399995, -96.0187
16.407687, -96.7592
16.415380, -98.3759
16.423072, -99.0933
16.430764, -98.7927
16.438457, -98.0055
16.446149, -97.4396
16.453841, -97.2325
16.461534, -97.0178
16.469226, -96.8243
16.476918, -96.4414
16.484611, -96.0280
16.492303, -96.4275
16.499995, -96.5454
16.507687, -96.3881
16.515380, -96.3487
16.523072, -96.8363
16.530764, -97.3252
16.538457, -97.2820
16.546149, -96.8329
16.553841, -96.7246
16.561534, -96.9908
16.569226, -97.5998
16.576918, -97.7268
16.584611, -97.0962
16.592303, -96.2217
16.599995, -97.0117
16.607687, -96.2447
16.615380, -95.8278
16.623072, -95.4226
16.630764, -95.3923
16.638457, -95.6171
16.646149, -95.6649
16.653841, -95.1212
16.661534, -95.2886
16.669226, -95.5079
16.676918, -95.7823
16.684610, -96.0742
16.692303, -96.2551
16.699995, -95.1363
16.707687, -90.8326
16.715380, -87.6814
16.723072, -86.6102
16.730764, -86.7395
16.738457, -88.4337
16.746149, -92.5516
16.753841, -95.4933
16.761534, -96.1579
16.769226, -95.9249
16.776918, -95.6050
16.784610, -95.2226
16.792303, -94.9220
16.799995, -96.7158
16.807687, -96.4336
16.815380, -97.2468
16.823072, -97.7126
16.830764, -97.5047
16.838457, -97.1292
16.846149, -96.9000
16.853841, -97.0652
16.861534, -97.5680
16.869226, -97.9162
16.876918, -98.1911
16.884610, -98.2978
16.892303, -97.8178
16.899995, -97.1333
16.907687, -96.8389
16.915380, -96.3723
16.923072, -96.2280
16.930764, -96.5768
16.938457, -97.4067
16.946149, -98.6329
16.953841, -99.2391
16.961533, -98.9882
16.969226, -98.5053
16.976918, -96.8841
16.984610, -95.9530
16.992303, -95.8230
16.999995, -95.4689
17.007687, -95.8077
17.015380, -96.2195
17.023072, -96.0343
17.030764, -95.6160
17.038457, -95.4928
17.046149, -96.1269
17.053841, -97.2587
17.061533, -97.8134
17.069226, -97.5487
17.076918, -96.8837
17.084610, -96.2109
17.092303, -96.1853
17.099995, -95.9981
17.107687, -95.5186
17.115380, -94.7586
17.123072, -95.0140
17.130764, -95.4295
17.138456, -95.2864
17.146149, -94.6391
17.153841, -93.9187
17.161533, -95.2303
17.169226, -96.4002
17.176918, -97.0876
17.184610, -96.9719
17.192303, -96.3631
17.199995, -96.4891
17.207687, -96.8162
17.215380, -97.0559
17.223072, -96.6487
17.230764, -96.8549
17.238456, -96.8471
17.246149, -96.9400
17.253841, -97.2453
17.261533, -97.5507
17.269226, -97.8400
17.276918, -97.9931
17.284610, -98.3069
17.292303, -98.6781
17.299995, -98.2594
17.307687, -97.5753
17.315380, -97.1186
17.323072, -96.8044
17.330764, -96.3175
17.338456, -96.0427
17.346149, -95.7152
17.353841, -95.2864
17.361533, -95.4128
17.369226, -96.2562
17.376918, -95.8227
17.384610, -96.0008
17.392303, -95.6497
17.399995, -95.1039
17.407687, -94.9645
17.415379, -95.3145
17.423072, -95.6133
17.430764, -95.7641
17.438456, -96.6231
17.446149, -97.2653
17.453841, -97.1352
17.461533, -96.7595
17.469226, -96.0675
17.476918, -96.3530
17.484610, -96.7809
17.492303, -97.3810
17.499995, -97.5360
17.507687, -96.7679
17.515379, -95.6417
17.523072, -95.0702
17.530764, -95.3457
17.538456, -96.1257
17.546149, -96.9820
17.553841, -97.5867
17.561533, -97.6675
17.569226, -97.4365
17.576918, -96.9972
17.584610, -96.3641
17.592303, -96.2393
17.599995, -97.3852
17.607687, -98.0526
17.615379, -98.1865
17.623072, -98.3918
17.630764, -98.6795
17.638456, -98.5904
17.646149, -97.9657
17.653841, -97.2189
17.661533, -96.6712
17.669226, -96.3484
17.676918, -96.4456
17.684610, -96.8876
17.692302, -97.5508
17.699995, -98.1691
17.707687, -98.3431
17.715379, -98.1337
17.723072, -98.0444
17.730764, -97.8487
17.738456, -96.9389
17.746149, -96.1700
17.753841, -96.2847
17.761533, -96.4513
17.769226, -96.6636
17.776918, -97.1755
17.784610, -97.1189
17.792302, -96.9345
17.799995, -96.6098
17.807687, -96.2188
17.815379, -96.1428
17.823072, -95.7314
17.830764, -94.8309
17.838456, -94.2346
17.846149, -94.2291
17.853841, -94.7537
17.861533, -96.2324
17.869226, -97.8632
17.876918, -97.9957
17.884610, -96.8354
17.892302, -95.9073
17.899995, -96.5040
17.907687, -97.0270
17.915379, -96.9715
17.923072, -97.0081
17.930764, -97.1650
17.938456, -97.4991
17.946149, -98.0417
17.953841, -98.2287
17.961533, -98.1094
17.969225, -97.4922
17.976918, -97.4901
17.984610, -97.6103
17.992302, -96.7475
17.999995, -96.4158
18.007687, -96.2903
18.015379, -96.8313
18.023072, -97.2368
18.030764, -97.2302
18.038456, -97.1217
18.046149, -96.7050
18.053841, -96.6939
18.061533, -96.5287
18.069225, -96.7053
18.076918, -97.1634
18.084610, -97.3777
18.092302, -97.4252
18.099995, -97.5383
18.107687, -97.6450
18.115379, -97.3322
18.123072, -96.5353
18.130764, -95.6474
18.138456, -95.0872
18.146149, -94.8910
18.153841, -94.9144
18.161533, -95.0133
18.169225, -95.1496
18.176918, -95.6049
18.184610, -96.3165
18.192302, -96.8621
18.199995, -95.2693
18.207687, -96.3468
18.215379, -97.1534
18.223072, -97.2465
18.230764, -96.7859
18.238456, -96.6094
18.246148, -96.3717
18.253841, -96.1242
18.261533, -96.0641
18.269225, -96.4371
18.276918, -97.1337
18.284610, -97.4651
18.292302, -97.6237
18.299995, -97.6931
18.307687, -98.0465
18.315379, -98.2680
18.323072, -97.9213
18.330764, -97.2458
18.338456, -96.6467
18.346148, -96.4658
18.353841, -96.9483
18.361533, -97.2714
18.369225, -96.4851
18.376918, -94.6488
18.384610, -92.8759
18.392302, -91.9683
18.399995, -91.9602
18.407687, -92.6745
18.415379, -93.9266
18.423071, -95.1598
18.430764, -95.8550
18.438456, -95.8442
18.446148, -95.8036
18.453841, -95.7142
18.461533, -95.7746
18.469225, -96.0127
18.476918, -96.5558
18.484610, -97.3732
18.492302, -98.0562
18.499995, -98.1043
18.507687, -97.7469
18.515379, -97.3496
18.523071, -96.7195
18.530764, -95.6594
18.538456, -95.1372
18.546148, -94.8360
18.553841, -95.0441
18.561533, -96.2031
18.569225, -97.4397
18.576918, -97.8932
18.584610, -97.4281
18.592302, -96.8363
18.599995, -95.5401
18.607687, -96.0263
18.615379, -96.5944
18.623071, -97.0747
18.630764, -97.3387
18.638456, -96.2080
18.646148, -93.8616
18.653841, -92.0157
18.661533, -94.1875
18.669225, -93.7877
18.676918, -92.8561
18.684610, -94.4895
18.692302, -95.2487
18.699994, -95.1360
18.707687, -94.6309
18.715379, -94.4242
18.723071, -94.6105
18.730764, -94.7194
18.738456, -95.1223
18.746148, -95.6869
18.753841, -96.1470
18.761533, -96.6101
18.769225, -96.6792
18.776918, -96.5926
18.784610, -96.2085
18.792302, -95.4711
18.799994, -98.5374
18.807687, -97.2769
18.815379, -96.3809
18.823071, -97.2712
18.830764, -97.0281
18.838456, -96.1223
18.846148, -95.8725
18.853841, -95.5481
18.861533, -95.3897
18.869225, -96.0867
18.876918, -97.2910
18.884610, -97.8885
18.892302, -97.2555
18.899994, -96.7535
18.907687, -96.9885
18.915379, -97.0679
18.923071, -96.8972
18.930764, -96.0238
18.938456, -94.8468
18.946148, -94.2475
18.953841, -94.0321
18.961533, -93.9613
18.969225, -93.9513
18.976917, -93.2414
18.984610, -92.0737
18.992302, -91.6775
18.999994, -95.4776
19.007687, -96.2257
19.015379, -97.1056
19.023071, -97.1257
19.030764, -96.9758
19.038456, -96.9653
19.046148, -97.1002
19.053841, -96.9192
19.061533, -96.9352
19.069225, -97.2682
19.076917, -98.0889
19.084610, -98.6721
19.092302, -98.1948
19.099994, -97.2579
19.107687, -96.7376
19.115379, -96.5613
19.123071, -96.6773
19.130764, -96.9168
19.138456, -96.8247
19.146148, -96.4880
19.153841, -96.4320
19.161533, -96.8450
19.169225, -96.7200
19.176917, -96.8314
19.184610, -96.9124
19.192302, -96.6314
19.199994, -96.7731
19.207687, -96.3786
19.215379, -96.4771
19.223071, -96.3796
19.230764, -96.5019
19.238456, -96.7093
19.246148, -97.3082
19.253840, -98.4039
19.261533, -98.8416
19.269225, -97.9385
19.276917, -96.8390
19.284610, -96.1160
19.292302, -95.9857
19.299994, -96.5377
19.307687, -97.2259
19.315379, -97.4258
19.323071, -97.8057
19.330764, -97.8419
19.338456, -97.7070
19.346148, -97.8711
19.353840, -98.1488
19.361533, -98.5292
19.369225, -98.9073
19.376917, -99.2072
19.384610, -99.3560
19.392302, -98.9564
19.399994, -98.1081
19.407687, -97.6726
19.415379, -97.3281
19.423071, -97.2646
19.430764, -97.3718
19.438456, -97.6167
19.446148, -97.5664
19.453840, -97.2971
19.461533, -96.6496
19.469225, -95.5935
19.476917, -95.4423
19.484610, -95.8454
19.492302, -95.8846
19.499994, -96.3937
19.507687, -96.7910
19.515379, -96.7357
19.523071, -96.6749
19.530763, -96.4559
19.538456, -96.4052
19.546148, -96.9747
19.553840, -97.7391
19.561533, -98.2273
19.569225, -97.9569
19.576917, -97.6099
19.584610, -97.6521
19.592302, -97.0499
19.599994, -95.9969
19.607687, -95.5850
19.615379, -95.7524
19.623071, -96.1233
19.630763, -96.1481
19.638456, -96.1732
19.646148, -96.2755
19.653840, -96.6024
19.661533, -97.3931
19.669225, -98.1526
19.676917, -98.3063
19.684610, -97.7356
19.692302, -96.8786
19.699994, -96.2528
19.707687, -95.9322
19.715379, -95.8146
19.723071, -96.0873
19.730763, -96.3155
19.738456, -96.2664
19.746148, -96.1653
19.753840, -96.0624
19.761533, -95.9832
19.769225, -96.1558
19.776917, -96.5450
19.784610, -96.8809
19.792302, -96.4469
19.799994, -84.3721
19.807686, -84.6637
19.815379, -87.4131
19.823071, -92.5170
19.830763, -96.8929
19.838456, -97.3578
19.846148, -97.6223
19.853840, -97.4550
19.861533, -97.0956
19.869225, -97.3586
19.876917, -97.6199
19.884610, -97.0791
19.892302, -96.2135
19.899994, -96.0172
19.907686, -96.0642
19.915379, -96.1745
19.923071, -96.3797
19.930763, -96.5631
19.938456, -97.2806
19.946148, -97.2608
19.953840, -97.3164
19.961533, -97.2829
19.969225, -97.3171
19.976917, -97.3347
19.984609, -96.6639
19.992302, -96.6687
19.999994, -97.3534
20.007686, -96.8563
20.015379, -96.6347
20.023071, -96.6127
20.030763, -96.7903
20.038456, -96.6608
20.046148, -94.4435
20.053840, -92.1235
20.061533, -91.0462
20.069225, -90.4539
20.076917, -90.4543
20.084609, -91.0938
20.092302, -94.2183
20.099994, -95.6182
20.107686, -96.3880
20.115379, -97.2561
20.123071, -97.7217
20.130763, -97.6646
20.138456, -97.2825
20.146148, -96.9601
20.153840, -96.5484
20.161533, -96.1339
20.169225, -96.1027
20.176917, -96.5230
20.184609, -97.1683
20.192302, -98.0886
20.199994, -97.7067
20.207686, -97.5246
20.215379, -97.2091
20.223071, -98.3861
20.230763, -97.7800
20.238456, -96.0637
20.246148, -95.4078
20.253840, -95.4518
20.261532, -95.7245
20.269225, -96.3232
20.276917, -97.0361
20.284609, -97.8195
20.292302, -98.8555
20.299994, -99.5738
20.307686, -99.4722
20.315379, -98.7070
20.323071, -97.7215
20.330763, -97.1613
20.338456, -96.9633
20.346148, -96.9622
20.353840, -97.1827
20.361532, -97.3959
20.369225, -97.8971
20.376917, -98.2610
20.384609, -97.9980
20.392302, -97.4604
20.399994, -97.7618
20.407686, -97.8244
20.415379, -97.4987
20.423071, -97.3529
20.430763, -97.4867
20.438456, -96.9550
20.446148, -96.0627
20.453840, -95.5746
20.461532, -96.3441
20.469225, -96.7850
20.476917, -96.7633
20.484609, -96.5501
20.492302, -97.5042
20.499994, -98.1428
20.507686, -98.1727
20.515379, -97.5198
20.523071, -96.8673
20.530763, -96.8852
20.538455, -97.5161
20.546148, -98.1161
20.553840, -98.3433
20.561532, -98.2075
20.569225, -97.9430
20.576917, -97.7336
20.584609, -97.4169
20.592302, -96.9077
20.599994, -96.9857
20.607686, -96.8672
20.615379, -96.9256
20.623071, -96.7415
20.630763, -96.8290
20.638455, -97.2349
20.646148, -97.4788
20.653840, -97.3879
20.661532, -96.8965
20.669225, -96.1693
20.676917, -96.2672
20.684609, -96.7147
20.692302, -96.5464
20.699994, -95.8366
20.707686, -95.7966
20.715379, -96.8511
20.723071, -97.3218
20.730763, -97.1412
20.738455, -96.8780
20.746148, -96.6587
20.753840, -96.6014
20.761532, -96.6369
20.769225, -96.8117
20.776917, -97.3417
20.784609, -97.5822
20.792302, -97.2694
20.799994, -92.9101
20.807686, -93.5173
20.815378, -95.4619
20.823071, -97.0498
20.830763, -98.0020
20.838455, -98.7838
20.846148, -99.4184
20.853840, -99.6738
20.861532, -99.2626
20.869225, -98.2457
20.876917, -97.5215
20.884609, -97.1413
20.892302, -96.8419
20.899994, -96.3313
20.907686, -95.7918
20.915378, -95.6395
20.923071, -95.6654
20.930763, -95.9622
20.938455, -95.9079
20.946148, -95.3441
20.953840, -95.1146
20.961532, -94.8562
20.969225, -95.1739
20.976917, -95.0906
20.984609, -94.9409
20.992302, -94.8910
20.999994, -93.0982
21.007686, -91.4320
21.015378, -89.5781
21.023071, -88.3598
21.030763, -88.6440
21.038455, -90.1561
21.046148, -92.8411
21.053840, -96.0235
21.061532, -97.3022
21.069225, -97.4550
21.076917, -97.5157
21.084609, -97.7119
21.092301, -97.6615
21.099994, -96.8939
21.107686, -96.0057
21.115378, -95.4304
21.123071, -95.2748
21.130763, -95.2008
21.138455, -95.0386
21.146148, -94.9078
21.153840, -94.8508
21.161532, -95.0209
21.169225, -95.5379
21.176917, -96.0160
21.184609, -96.8179
21.192301, -97.8732
21.199994, -93.9143
21.207686, -94.2598
21.215378, -94.4977
21.223071, -93.8628
21.230763, -92.6627
21.238455, -97.1478
21.246148, -96.1718
21.253840, -95.3002
21.261532, -94.5502
21.269225, -93.9076
21.276917, -93.6098
21.284609, -93.7509
21.292301, -94.2178
21.299994, -94.7223
21.307686, -94.9306
21.315378, -94.6960
21.323071, -94.6346
21.330763, -94.5513
21.338455, -94.4948
21.346148, -94.3615
21.353840, -93.9623
21.361532, -93.5318
21.369224, -93.3871
21.376917, -93.9366
21.384609, -94.6019
21.392301, -94.9995
21.399994, -95.5851
21.407686, -96.0612
21.415378, -96.4008
21.423071, -95.9787
21.430763, -95.3061
21.438455, -95.1835
21.446148, -95.1760
21.453840, -95.6346
21.461532, -95.9872
21.469224, -95.6510
21.476917, -95.1490
21.484609, -95.4580
21.492301, -95.7630
21.499994, -95.5094
21.507686, -95.5379
21.515378, -95.8511
21.523071, -96.0202
21.530763, -95.7760
21.538455, -95.2186
21.546147, -94.9571
21.553840, -95.3426
21.561532, -96.0972
21.569224, -96.3345
21.576917, -95.3237
21.584609, -93.5171
21.592301, -92.1546
21.599994, -96.5561
21.607686, -95.8668
21.615378, -96.1189
21.623071, -97.1704
21.630763, -97.4204
21.638455, -96.8377
21.646147, -96.0636
21.653840, -95.9598
21.661532, -95.6812
21.669224, -96.1584
21.676917, -96.8246
21.684609, -97.0758
21.692301, -96.6642
21.699994, -95.7929
21.707686, -94.8348
21.715378, -93.4602
21.723071, -91.1759
21.730763, -88.9880
21.738455, -88.1806
21.746147, -88.4025
21.753840, -89.3153
21.761532, -91.0341
21.769224, -93.3269
21.776917, -94.9037
21.784609, -95.4256
21.792301, -95.5664
21.799994, -96.4294
21.807686, -95.7588
21.815378, -95.9482
21.823070, -96.4293
21.830763, -96.8545
21.838455, -97.2461
21.846147, -97.7806
21.853840, -97.9745
21.861532, -97.4819
21.869224, -96.5756
21.876917, -95.4399
21.884609, -94.4633
21.892301, -94.0528
21.899994, -94.0207
21.907686, -94.5535
21.915378, -95.0918
21.923070, -95.4367
21.930763, -95.2333
21.938455, -94.8655
21.946147, -94.6031
21.953840, -94.5707
21.961532, -95.4008
21.969224, -96.4475
21.976917, -97.7174
21.984609, -98.4929
21.992301, -97.8283
21.999994, -97.4866
22.007686, -96.4788
22.015378, -95.8752
22.023070, -95.9087
22.030763, -96.0606
22.038455, -96.4310
22.046147, -97.0052
22.053840, -97.3175
22.061532, -97.3469
22.069224, -97.4381
22.076917, -97.5518
22.084609, -97.6558
22.092301, -97.3532
22.099993, -96.7579
22.107686, -96.4819
22.115378, -96.5578
22.123070, -97.1410
22.130763, -97.8889
22.138455, -98.2672
22.146147, -98.1759
22.153840, -97.5296
22.161532, -96.6308
22.169224, -96.2865
22.176917, -95.7450
22.184609, -95.6397
22.192301, -95.6100
22.199993, -92.5925
22.207686, -92.4309
22.215378, -92.8886
22.223070, -95.4978
22.230763, -95.9994
22.238455, -96.4024
22.246147, -97.3416
22.253840, -98.2160
22.261532, -98.0922
22.269224, -97.3999
22.276917, -96.2474
22.284609, -94.9377
22.292301, -95.4206
22.299993, -96.9984
22.307686, -97.9275
22.315378, -96.9564
22.323070, -96.8893
22.330763, -96.3204
22.338455, -95.8696
22.346147, -95.8273
22.353840, -96.2954
22.361532, -96.8521
22.369224, -97.0603
22.376916, -97.0965
22.384609, -96.9322
22.392301, -96.4993
22.399993, -94.4164
22.407686, -94.2029
22.415378, -95.1517
22.423070, -96.3061
22.430763, -96.4568
22.438455, -96.5743
22.446147, -96.6219
22.453840, -95.9394
22.461532, -95.7932
22.469224, -96.0214
22.476916, -96.0531
22.484609, -96.2414
22.492301, -96.3288
22.499993, -96.0923
22.507686, -95.6794
22.515378, -95.3344
22.523070, -95.0777
22.530763, -95.1354
22.538455, -95.2729
22.546147, -95.3281
22.553840, -95.2049
22.561532, -94.7469
22.569224, -94.5108
22.576916, -94.6195
22.584609, -95.2347
22.592301, -96.4024
22.599993, -95.0909
22.607686, -94.8755
22.615378, -95.7696
22.623070, -96.6854
22.630763, -97.1983
22.638455, -97.4312
22.646147, -97.2733
22.653839, -96.5076
22.661532, -95.6276
22.669224, -95.0474
22.676916, -94.8860
22.684609, -95.3111
22.692301, -96.1450
22.699993, -96.3542
22.707686, -95.6883
22.715378, -94.8118
22.723070, -94.1685
22.730763, -94.3727
22.738455, -94.3583
22.746147, -94.2417
22.753839, -94.2208
22.761532, -94.9056
22.769224, -96.2148
22.776916, -97.8221
22.784609, -99.2281
22.792301, -100.0874
22.799993, -95.7413
22.807686, -96.8034
22.815378, -97.0892
22.823070, -96.7662
22.830763, -95.8628
22.838455, -94.8780
22.846147, -94.3670
22.853839, -94.5978
22.861532, -95.3326
22.869224, -96.0011
22.876916, -95.7087
22.884609, -95.9859
22.892301, -96.8274
22.899993, -96.6970
22.907686, -96.0851
22.915378, -95.8097
22.923070, -96.0828
22.930762, -96.4824
22.938455, -95.9271
22.946147, -94.8606
22.953839, -94.1781
22.961532, -94.2781
22.969224, -94.9909
22.976916, -95.7304
22.984609, -96.2662
22.992301, -96.2617
22.999993, -93.6784
23.007686, -93.7364
23.015378, -93.9996
23.023070, -94.1527
23.030762, -94.2118
23.038455, -94.3891
23.046147, -94.4307
23.053839, -94.3052
23.061532, -94.1240
23.069224, -93.6348
23.076916, -93.3144
23.084609, -93.4817
23.092301, -93.6167
23.099993, -92.9724
23.107685, -91.7662
23.115378, -90.7413
23.123070, -90.4571
23.130762, -90.9853
23.138455, -92.1455
23.146147, -93.5334
23.153839, -94.6475
23.161532, -94.9057
23.169224, -95.8552
23.176916, -96.3155
23.184609, -95.1541
23.192301, -94.0655
23.199993, -94.8565
23.207685, -94.7902
23.215378, -94.2227
23.223070, -93.6067
23.230762, -93.7615
23.238455, -94.4056
23.246147, -95.6427
23.253839, -96.9869
23.261532, -97.3459
23.269224, -96.8637
23.276916, -96.0923
23.284609, -95.1901
23.292301, -94.0796
23.299993, -94.1082
23.307685, -94.8546
23.315378, -96.0457
23.323070, -96.7501
23.330762, -96.7599
23.338455, -96.6706
23.346147, -96.5177
23.353839, -96.3850
23.361532, -96.3948
23.369224, -96.6052
23.376916, -94.9523
23.384608, -93.9101
23.392301, -93.8856
23.399993, -95.8602
23.407685, -94.6764
23.415378, -94.4529
23.423070, -94.6291
23.430762, -95.3132
23.438455, -95.9073
23.446147, -95.8051
23.453839, -95.6819
23.461532, -95.8723
23.469224, -96.1902
23.476916, -96.6331
23.484608, -97.0507
23.492301, -97.0977
23.499993, -96.8606
23.507685, -96.1962
23.515378, -95.3510
23.523070, -94.8525
23.530762, -94.8963
23.538455, -95.5428
23.546147, -96.5119
23.553839, -97.3891
23.561532, -97.2834
23.569224, -96.7369
23.576916, -96.2513
23.584608, -95.7134
23.592301, -95.5699
23.599993, -95.9923
23.607685, -95.7951
23.615378, -95.7663
23.623070, -94.9188
23.630762, -93.2304
23.638455, -91.0603
23.646147, -88.9088
23.653839, -87.3592
23.661531, -86.8747
23.669224, -87.3524
23.676916, -89.1072
23.684608, -91.5259
23.692301, -93.8544
23.699993, -94.8297
23.707685, -95.6611
23.715378, -96.2282
23.723070, -96.3560
23.730762, -96.3908
23.738455, -96.3894
23.746147, -96.2239
23.753839, -96.3276
23.761531, -96.3640
23.769224, -96.3509
23.776916, -96.6988
23.784608, -97.2324
23.792301, -97.9042
23.799993, -92.6860
23.807685, -92.6779
23.815378, -93.2146
23.823070, -94.3008
23.830762, -95.8383
23.838455, -97.2423
23.846147, -98.0232
23.853839, -98.2542
23.861531, -97.4024
23.869224, -95.6481
23.876916, -94.2711
23.884608, -93.1561
23.892301, -92.3440
23.899993, -92.1942
23.907685, -92.4192
23.915378, -92.8626
23.923070, -93.4741
23.930762, -92.8127
23.938454, -92.5441
23.946147, -92.8177
23.953839, -93.7935
23.961531, -95.2077
23.969224, -96.1450
23.976916, -96.0842
23.984608, -95.4453
23.992301, -95.4417
23.999993, -91.2916
24.007685, -91.8649
24.015378, -92.5994
24.023070, -93.0150
24.030762, -93.5094
24.038454, -93.5165
24.046147, -93.7440
24.053839, -94.2054
24.061531, -94.6603
24.069224, -94.5923
24.076916, -93.6596
24.084608, -94.0862
24.092301, -94.9079
24.099993, -95.7285
24.107685, -96.0951
24.115378, -95.7702
24.123070, -95.3198
24.130762, -94.9792
24.138454, -94.5349
24.146147, -94.1034
24.153839, -94.0572
24.161531, -93.8814
24.169224, -93.7902
24.176916, -94.0008
24.184608, -94.3867
24.192301, -94.8526
24.199993, -94.7397
24.207685, -94.2751
24.215377, -93.9769
24.223070, -93.5973
24.230762, -94.7905
24.238454, -96.0059
24.246147, -96.8731
24.253839, -97.1079
24.261531, -97.1050
24.269224, -96.9799
24.276916, -96.3135
24.284608, -95.3539
24.292301, -94.6798
24.299993, -94.4687
24.307685, -94.7827
24.315377, -95.3412
24.323070, -95.6245
24.330762, -95.1439
24.338454, -94.3933
24.346147, -94.4316
24.353839, -94.8478
24.361531, -95.0814
24.369224, -94.8581
24.376916, -94.4636
24.384608, -94.7026
24.392301, -94.0612
24.399993, -93.8253
24.407685, -94.2299
24.415377, -95.7238
24.423070, -97.1748
24.430762, -97.9472
24.438454, -97.9547
24.446147, -97.7141
24.453839, -97.5771
24.461531, -97.4384
24.469224, -97.1734
24.476916, -96.8392
24.484608, -96.5065
24.492300, -96.2094
24.499993, -95.8334
24.507685, -95.3136
24.515377, -94.9817
24.523070, -94.9374
24.530762, -95.1885
24.538454, -95.4942
24.546147, -94.8940
24.553839, -94.1942
24.561531, -93.9950
24.569224, -94.1800
24.576916, -94.6511
24.584608, -94.8405
24.592300, -94.6582
24.599993, -94.6517
24.607685, -93.9809
24.615377, -93.5941
24.623070, -93.2471
24.630762, -93.0971
24.638454, -93.2247
24.646147, -93.5149
24.653839, -94.0752
24.661531, -94.4354
24.669223, -94.3335
24.676916, -94.0004
24.684608, -93.3699
24.692300, -94.2212
24.699993, -94.2348
24.707685, -94.7256
24.715377, -95.3117
24.723070, -95.7104
24.730762, -96.0141
24.738454, -95.9235
24.746147, -95.7548
24.753839, -95.6682
24.761531, -95.7881
24.769223, -95.9398
24.776916, -95.6681
24.784608, -95.3434
24.792300, -95.1915
24.799993, -93.5281
24.807685, -92.8461
24.815377, -92.7025
24.823070, -92.9343
24.830762, -94.0321
24.838454, -94.9910
24.846147, -95.0308
24.853839, -95.0973
24.861531, -95.1213
24.869223, -94.7917
24.876916, -94.3802
24.884608, -93.7966
24.892300, -94.5063
24.899993, -95.2301
24.907685, -95.7407
24.915377, -95.7393
24.923070, -95.7098
24.930762, -95.3677
24.938454, -94.7342
24.946146, -95.0075
24.953839, -95.7502
24.961531, -96.1495
24.969223, -95.0378
24.976916, -87.2932
24.984608, -80.3039
24.992300, -77.0636
24.999993, -76.3690
25.007685, -76.8251
25.015377, -80.0153
25.023070, -86.7833
25.030762, -94.3949
25.038454, -95.6220
25.046146, -96.0608
25.053839, -95.8005
25.061531, -94.3535
25.069223, -92.3977
25.076916, -90.9694
25.084608, -90.5442
25.092300, -91.0773
25.099993, -92.6897
25.107685, -95.1647
25.115377, -96.6123
25.123070, -96.9281
25.130762, -97.1599
25.138454, -96.9805
25.146146, -96.4632
25.153839, -96.5445
25.161531, -96.9605
25.169223, -96.1868
25.176916, -95.2958
25.184608, -94.8327
25.192300, -94.7610
25.199993, -94.5226
25.207685, -95.0739
25.215377, -95.2953
25.223069, -95.4404
25.230762, -94.8372
25.238454, -94.9924
25.246146, -95.0627
25.253839, -94.3229
25.261531, -93.7098
25.269223, -94.4666
25.276916, -95.4273
25.284608, -96.5215
25.292300, -97.5039
25.299993, -97.8783
25.307685, -97.1426
25.315377, -95.9651
25.323069, -95.1430
25.330762, -94.9981
25.338454, -95.1278
25.346146, -95.0811
25.353839, -94.9199
25.361531, -94.4638
25.369223, -94.1038
25.376916, -94.6318
25.384608, -94.9590
25.392300, -95.1207
25.399993, -94.5211
25.407685, -95.1668
25.415377, -95.9588
25.423069, -96.7623
25.430762, -97.2878
25.438454, -97.1881
25.446146, -97.2250
25.453839, -98.0476
25.461531, -97.3486
25.469223, -96.5064
25.476916, -96.2187
25.484608, -96.0873
25.492300, -95.7877
25.499992, -95.2187
25.507685, -94.8185
25.515377, -95.5167
25.523069, -95.6391
25.530762, -95.8051
25.538454, -95.5807
25.546146, -95.4817
25.553839, -95.4001
25.561531, -94.7862
25.569223, -94.1986
25.576916, -94.0859
25.584608, -94.3549
25.592300, -95.0697
25.599992, -94.9899
25.607685, -96.5491
25.615377, -97.4323
25.623069, -96.3360
25.630762, -95.1281
25.638454, -94.6990
25.646146, -94.7915
25.653839, -95.1979
25.661531, -95.0156
25.669223, -95.7135
25.676916, -95.6890
25.684608, -94.6446
25.692300, -93.3340
25.699992, -92.1913
25.707685, -91.7791
25.715377, -91.6235
25.723069, -91.8791
25.730762, -92.7154
25.738454, -93.1735
25.746146, -93.0601
25.753839, -93.4284
25.761531, -93.7766
25.769223, -93.8613
25.776915, -93.9755
25.784608, -94.0912
25.792300, -94.5141
25.799992, -97.5884
25.807685, -97.3886
25.815377, -96.6050
25.823069, -97.0019
25.830762, -96.9325
25.838454, -96.3464
25.846146, -95.7479
25.853839, -95.1038
25.861531, -94.6607
25.869223, -94.5797
25.876915, -94.7790
25.884608, -95.3685
25.892300, -96.0371
25.899992, -96.4145
25.907685, -96.3649
25.915377, -96.1817
25.923069, -96.3913
25.930762, -96.3767
25.938454, -96.4689
25.946146, -96.2251
25.953839, -95.7473
25.961531, -95.4248
25.969223, -95.2910
25.976915, -95.5798
25.984608, -96.2241
25.992300, -96.6414
25.999992, -94.7212
26.007685, -94.5310
26.015377, -94.4636
26.023069, -94.2440
26.030762, -94.4287
26.038454, -95.0309
26.046146, -95.6266
26.053838, -95.9563
26.061531, -95.7542
26.069223, -95.4610
26.076915, -95.4587
26.084608, -95.6587
26.092300, -95.9596
26.099992, -96.1841
26.107685, -96.1962
26.115377, -96.2036
26.123069, -95.9806
26.130762, -95.7692
26.138454, -95.8525
26.146146, -96.1916
26.153838, -96.3845
26.161531, -95.7349
26.169223, -94.8948
26.176915, -94.2928
26.184608, -94.4327
26.192300, -94.9910
26.199992, -94.0437
26.207685, -94.7759
26.215377, -95.3156
26.223069, -95.2447
26.230761, -94.8948
26.238454, -94.4574
26.246146, -93.5690
26.253838, -92.6749
26.261531, -91.5246
26.269223, -90.3718
26.276915, -89.5231
26.284608, -89.2483
26.292300, -89.6885
26.299992, -90.9179
26.307685, -92.6615
26.315377, -95.1635
26.323069, -96.4091
26.330761, -96.4600
26.338454, -95.8666
26.346146, -95.6146
26.353838, -95.7907
26.361531, -96.1487
26.369223, -96.4787
26.376915, -96.4706
26.384608, -96.1467
26.392300, -96.2295
26.399992, -94.6613
26.407685, -94.8407
26.415377, -95.4391
26.423069, -95.7468
26.430761, -96.5654
26.438454, -97.0537
26.446146, -96.6759
26.453838, -96.0250
26.461531, -95.5013
26.469223, -95.2215
26.476915, -95.2610
26.484608, -95.6124
26.492300, -96.1074
26.499992, -96.0130
26.507684, -95.2791
26.515377, -94.5277
26.523069, -94.2143
26.530761, -94.2146
26.538454, -94.3873
26.546146, -95.0624
26.553838, -95.8053
26.561531, -96.1836
26.569223, -96.2241
26.576915, -95.8290
26.584608, -95.1822
26.592300, -94.6049
26.599992, -96.4351
26.607684, -95.8625
26.615377, -95.8360
26.623069, -95.6624
26.630761, -95.7911
26.638454, -96.1320
26.646146, -96.1952
26.653838, -96.3638
26.661531, -96.8327
26.669223, -96.6758
26.676915, -95.8772
26.684608, -95.0407
26.692300, -95.0727
26.699992, -95.0579
26.707684, -96.0089
26.715377, -96.4561
26.723069, -96.0762
26.730761, -94.7744
26.738454, -92.6597
26.746146, -90.6961
26.753838, -89.7835
26.761531, -89.9171
26.769223, -91.0658
26.776915, -93.2101
26.784607, -94.8821
26.792300, -94.9151
26.799992, -93.0097
26.807684, -93.2176
26.815377, -94.6154
26.823069, -95.5898
26.830761, -95.9149
26.838454, -95.7473
26.846146, -95.7913
26.853838, -95.2326
26.861531, -95.0248
26.869223, -95.3024
26.876915, -95.3860
26.884607, -95.0902
26.892300, -94.9941
26.899992, -94.9010
26.907684, -95.1364
26.915377, -95.6391
26.923069, -96.0869
26.930761, -96.5078
26.938454, -96.0594
26.946146, -95.1548
26.953838, -95.2663
26.961531, -95.5682
26.969223, -95.9344
26.976915, -96.5398
26.984607, -97.0308
26.992300, -96.8504
26.999992, -96.8590
27.007684, -96.7172
27.015377, -96.5478
27.023069, -95.9616
27.030761, -95.3077
27.038454, -94.8745
27.046146, -95.5883
27.053838, -96.2242
27.061530, -96.5512
27.069223, -96.5384
27.076915, -96.0973
27.084607, -95.6711
27.092300, -95.7101
27.099992, -95.9762
27.107684, -96.2764
27.115377, -95.7952
27.123069, -95.1715
27.130761, -95.2463
27.138454, -95.7770
27.146146, -96.3110
27.153838, -96.4844
27.161530, -96.4096
27.169223, -96.2178
27.176915, -95.9463
27.184607, -95.6715
27.192300, -95.8035
27.199992, -97.2126
27.207684, -97.1223
27.215377, -97.0567
27.223069, -96.8034
27.230761, -97.1133
27.238454, -97.6983
27.246146, -98.1827
27.253838, -98.6363
27.261530, -98.9280
27.269223, -98.7736
27.276915, -98.2360
27.284607, -97.1441
27.292300, -95.7461
27.299992, -94.9387
27.307684, -94.8744
27.315377, -95.3425
27.323069, -95.9819
27.330761, -96.4915
27.338453, -96.9401
27.346146, -97.0754
27.353838, -96.8281
27.361530, -95.9925
27.369223, -95.0076
27.376915, -95.3063
27.384607, -95.6402
27.392300, -95.9086
27.399992, -95.8182
27.407684, -95.3420
27.415377, -95.0244
27.423069, -94.9227
27.430761, -96.1824
27.438453, -97.1801
27.446146, -98.2827
27.453838, -98.6023
27.461530, -98.2652
27.469223, -97.8136
27.476915, -97.3693
27.484607, -96.9920
27.492300, -97.4456
27.499992, -97.5768
27.507684, -97.1795
27.515377, -96.2672
27.523069, -96.0734
27.530761, -96.3042
27.538453, -96.0011
27.546146, -95.7697
27.553838, -96.2912
27.561530, -96.3456
27.569223, -96.3139
27.576915, -96.5727
27.584607, -96.9588
27.592300, -97.2514
27.599992, -95.7969
27.607684, -95.3587
27.615376, -95.0950
27.623069, -94.9482
27.630761, -95.3237
27.638453, -95.7359
27.646146, -96.3876
27.653838, -97.0064
27.661530, -97.7904
27.669223, -98.5895
27.676915, -98.9192
27.684607, -98.7182
27.692300, -97.9989
27.699992, -97.3398
27.707684, -97.0435
27.715376, -96.9280
27.723069, -96.8560
27.730761, -96.4359
27.738453, -95.9774
27.746146, -96.0111
27.753838, -97.2385
27.761530, -97.8184
27.769223, -97.2093
27.776915, -97.4734
27.784607, -97.5871
27.792299, -97.2614
27.799992, -95.5509
27.807684, -94.6554
27.815376, -94.1291
27.823069, -94.6984
27.830761, -96.1304
27.838453, -96.7269
27.846146, -97.0204
27.853838, -96.9874
27.861530, -96.5028
27.869223, -95.7588
27.876915, -96.1679
27.884607, -96.4338
27.892299, -96.0376
27.899992, -95.3211
27.907684, -94.8328
27.915376, -94.8605
27.923069, -94.4899
27.930761, -94.5112
27.938453, -94.9284
27.946146, -95.2385
27.953838, -95.5767
27.961530, -96.2446
27.969223, -97.1137
27.976915, -97.4699
27.984607, -95.9277
27.992299, -94.8406
27.999992, -97.0757
28.007684, -96.8710
28.015376, -97.0619
28.023069, -97.3074
28.030761, -97.9905
28.038453, -98.7936
28.046146, -98.6067
28.053838, -97.6082
28.061530, -96.8044
28.069222, -96.4632
28.076915, -96.0500
28.084607, -94.1497
28.092299, -94.3334
28.099992, -94.5310
28.107684, -94.7374
28.115376, -94.9029
28.123069, -94.8701
28.130761, -94.3822
28.138453, -93.8240
28.146146, -95.4108
28.153838, -95.5169
28.161530, -95.7631
28.169222, -96.6874
28.176915, -97.9572
28.184607, -99.0031
28.192299, -99.2321
28.199992, -97.2250
28.207684, -96.4359
28.215376, -96.3651
28.223069, -96.4092
28.230761, -96.6023
28.238453, -96.9249
28.246146, -96.8802
28.253838, -96.2055
28.261530, -95.3298
28.269222, -94.4746
28.276915, -94.2200
28.284607, -94.2552
28.292299, -95.0200
28.299992, -95.7411
28.307684, -96.4311
28.315376, -96.6694
28.323069, -96.3047
28.330761, -95.6408
28.338453, -95.3570
28.346145, -95.5921
28.353838, -95.9624
28.361530, -96.2280
28.369222, -96.0577
28.376915, -95.3836
28.384607, -95.5571
28.392299, -95.7386
28.399992, -97.3520
28.407684, -95.8311
28.415376, -94.7251
28.423069, -94.5115
28.430761, -94.3915
28.438453, -95.2327
28.446145, -96.3807
28.453838, -96.9122
28.461530, -96.1007
28.469222, -95.6876
28.476915, -95.9424
28.484607, -96.1161
28.492299, -97.4067
28.499992, -98.0097
28.507684, -97.5629
28.515376, -97.0485
28.523069, -96.7362
28.530761, -96.1860
28.538453, -96.2415
28.546145, -96.1899
28.553838, -96.4224
28.561530, -96.5336
28.569222, -96.8263
28.576915, -97.2338
28.584607, -96.7848
28.592299, -96.5338
28.599992, -98.2306
28.607684, -98.0407
28.615376, -97.9673
28.623068, -97.7941
28.630761, -97.8039
28.638453, -97.9527
28.646145, -97.8504
28.653838, -97.7254
28.661530, -97.3603
28.669222, -96.6575
28.676915, -96.2933
28.684607, -96.1647
28.692299, -96.5056
28.699992, -96.7577
28.707684, -96.8962
28.715376, -96.5162
28.723068, -96.5863
28.730761, -97.1862
28.738453, -97.3735
28.746145, -97.2275
28.753838, -96.5700
28.761530, -96.5114
28.769222, -97.2688
28.776915, -97.3336
28.784607, -96.0600
28.792299, -96.1907
28.799992, -97.6401
28.807684, -97.2113
28.815376, -96.7552
28.823068, -96.3482
28.830761, -96.3473
28.838453, -97.1496
28.846145, -97.7822
28.853838, -98.2818
28.861530, -98.4017
28.869222, -98.1404
28.876915, -97.3645
28.884607, -96.3961
28.892299, -95.5734
28.899991, -94.9116
28.907684, -94.6580
28.915376, -94.6875
28.923068, -94.8889
28.930761, -95.6740
28.938453, -96.6338
28.946145, -96.7463
28.953838, -97.3677
28.961530, -97.2397
28.969222, -96.6374
28.976915, -96.5787
28.984607, -97.1323
28.992299, -96.6842
28.999991, -96.8820
29.007684, -97.1424
29.015376, -96.9224
29.023068, -96.4337
29.030761, -96.5812
29.038453, -97.2351
29.046145, -98.1114
29.053838, -98.7479
29.061530, -98.4927
29.069222, -98.1739
29.076914, -97.7653
29.084607, -96.6357
29.092299, -95.8121
29.099991, -95.6950
29.107684, -96.4422
29.115376, -98.0097
29.123068, -99.0883
29.130761, -98.2964
29.138453, -97.1943
29.146145, -97.3283
29.153838, -96.9771
29.161530, -96.4286
29.169222, -96.1593
29.176914, -96.0029
29.184607, -96.0151
29.192299, -96.2631
29.199991, -97.5364
29.207684, -97.4083
29.215376, -97.2694
29.223068, -96.8113
29.230761, -96.3622
29.238453, -96.1926
29.246145, -96.4461
29.253838, -97.0198
29.261530, -97.3709
29.269222, -97.5310
29.276914, -97.6658
29.284607, -97.7148
29.292299, -97.5156
29.299991, -97.2923
29.307684, -97.4095
29.315376, -97.8783
29.323068, -98.7312
29.330761, -99.0212
29.338453, -97.8535
29.346145, -96.3576
29.353837, -95.8363
29.361530, -96.0408
29.369222, -95.8290
29.376914, -96.5267
29.384607, -97.0521
29.392299, -97.3140
29.399991, -97.3469
29.407684, -97.4522
29.415376, -97.4863
29.423068, -97.1994
29.430761, -96.8774
29.438453, -96.6270
29.446145, -96.8830
29.453837, -97.3639
29.461530, -98.4015
29.469222, -99.5144
29.476914, -99.9585
29.484607, -99.1640
29.492299, -98.4367
29.499991, -97.9778
29.507684, -97.7393
29.515376, -97.0132
29.523068, -95.7971
29.530761, -96.1704
29.538453, -96.5254
29.546145, -96.5433
29.553837, -96.7167
29.561530, -97.1647
29.569222, -97.6580
29.576914, -98.0615
29.584607, -98.0367
29.592299, -97.8512
29.599991, -96.1661
29.607684, -96.2624
29.615376, -96.3692
29.623068, -96.7753
29.630760, -97.3652
29.638453, -97.9198
29.646145, -97.7819
29.653837, -97.2490
29.661530, -97.1659
29.669222, -97.7031
29.676914, -98.3963
29.684607, -98.0944
29.692299, -97.1832
29.699991, -96.7924
29.707684, -97.1140
29.715376, -98.1113
29.723068, -99.0856
29.730760, -98.3778
29.738453, -97.2066
29.746145, -96.3887
29.753837, -96.3707
29.761530, -97.3388
29.769222, -97.9228
29.776914, -97.6453
29.784607, -96.9242
29.792299, -96.4806
29.799991, -98.9993
29.807684, -98.4967
29.815376, -98.6693
29.823068, -98.6878
29.830760, -98.4785
29.838453, -98.2500
29.846145, -97.8893
29.853837, -97.5227
29.861530, -97.2307
29.869222, -97.0532
29.876914, -96.9498
29.884607, -96.8011
29.892299, -96.8518
29.899991, -96.6935
29.907683, -96.3652
29.915376, -96.1231
29.923068, -96.1723
29.930760, -96.3146
29.938453, -95.9676
29.946145, -94.8772
29.953837, -93.9829
29.961530, -93.8214
29.969222, -94.4889
29.976914, -95.4476
29.984607, -96.5517
29.992299, -97.4972
29.999991, -94.9888
30.007683, -96.1671
30.015376, -96.3924
30.023068, -95.8980
30.030760, -95.6137
30.038453, -95.7214
30.046145, -95.9991
30.053837, -96.2461
30.061530, -95.9202
30.069222, -94.9043
30.076914, -93.5839
30.084607, -91.9157
30.092299, -90.6342
30.099991, -90.5103
30.107683, -91.1201
30.115376, -92.4080
30.123068, -94.7943
30.130760, -96.3743
30.138453, -96.6649
30.146145, -96.3844
30.153837, -96.3760
30.161530, -96.4999
30.169222, -96.3011
30.176914, -92.1233
30.184606, -84.0626
30.192299, -79.3819
30.199991, -97.1986
30.207683, -97.1787
30.215376, -97.5862
30.223068, -97.6952
30.230760, -97.3132
30.238453, -96.5103
30.246145, -95.5081
30.253837, -94.8210
30.261530, -95.4170
30.269222, -96.3829
30.276914, -97.1855
30.284606, -97.2665
30.292299, -96.6512
30.299991, -96.0175
30.307683, -96.7421
30.315376, -97.5654
30.323068, -97.7410
30.330760, -96.9998
30.338453, -96.3341
30.346145, -96.2651
30.353837, -96.2115
30.361530, -96.1223
30.369222, -96.4691
30.376914, -96.4662
30.384606, -96.5503
30.392299, -96.7639
30.399991, -95.4148
30.407683, -95.7825
30.415376, -96.9791
30.423068, -97.2247
30.430760, -96.9730
30.438453, -96.3919
30.446145, -95.8820
30.453837, -95.8450
30.461529, -96.4656
30.469222, -97.4536
30.476914, -97.3935
30.484606, -96.2317
30.492299, -95.3967
30.499991, -95.2820
30.507683, -96.1859
30.515376, -97.5099
30.523068, -98.2593
30.530760, -98.4822
30.538453, -98.3518
30.546145, -98.1706
30.553837, -97.5241
30.561529, -96.3647
30.569222, -95.6471
30.576914, -95.4942
30.584606, -95.8661
30.592299, -96.8228
30.599991, -96.5796
30.607683, -96.7231
30.615376, -96.7842
30.623068, -97.0597
30.630760, -97.2115
30.638452, -97.2502
30.646145, -97.1110
30.653837, -97.0453
30.661529, -97.4108
30.669222, -97.8097
30.676914, -97.9596
30.684606, -97.5987
30.692299, -96.7989
30.699991, -96.1841
30.707683, -96.2530
30.715376, -96.4328
30.723068, -96.0578
30.730760, -95.7822
30.738452, -95.7567
30.746145, -96.0982
30.753837, -96.9601
30.761529, -97.2503
30.769222, -96.9327
30.776914, -96.3796
30.784606, -95.9406
30.792299, -95.9170
30.799991, -95.0124
30.807683, -95.3730
30.815376, -96.4954
30.823068, -96.6554
30.830760, -96.1798
30.838452, -96.0150
30.846145, -96.2315
30.853837, -96.8819
30.861529, -97.7343
30.869222, -98.4306
30.876914, -99.1541
30.884606, -99.8244
30.892299, -99.9253
30.899991, -99.3258
30.907683, -98.5522
30.915375, -97.7493
30.923068, -96.8707
30.930760, -96.4069
30.938452, -96.3969
30.946145, -96.3701
30.953837, -96.5273
30.961529, -96.6454
30.969222, -96.6564
30.976914, -96.8141
30.984606, -96.7928
30.992299, -96.7999
30.999991, -93.6219
31.007683, -93.5065
31.015375, -93.4621
31.023068, -94.3707
31.030760, -94.4515
31.038452, -93.9931
31.046145, -94.5705
31.053837, -94.7756
31.061529, -93.9845
31.069222, -92.6465
31.076914, -92.3931
31.084606, -92.3177
31.092299, -92.4982
31.099991, -92.9708
31.107683, -93.8748
31.115375, -94.5627
31.123068, -95.2922
31.130760, -95.3999
31.138452, -94.5918
31.146145, -94.8002
31.153837, -94.3915
31.161529, -94.0714
31.169222, -94.2706
31.176914, -94.8131
31.184606, -95.1992
31.192298, -95.1999
31.199991, -95.1738
31.207683, -94.3241
31.215375, -94.3729
31.223068, -94.8580
31.230760, -95.7459
31.238452, -96.8303
31.246145, -97.3871
31.253837, -97.0330
31.261529, -96.6909
31.269222, -96.8473
31.276914, -97.4031
31.284606, -97.8770
31.292298, -97.6374
31.299991, -97.0566
31.307683, -96.6889
31.315375, -96.6070
31.323068, -96.3232
31.330760, -95.8428
31.338452, -95.7904
31.346145, -96.1788
31.353837, -96.9067
31.361529, -97.2383
31.369222, -96.7757
31.376914, -96.0567
31.384606, -96.1197
31.392298, -95.7279
31.399991, -97.8245
31.407683, -96.0498
31.415375, -95.1516
31.423068, -94.9043
31.430760, -95.2670
31.438452, -95.6073
31.446145, -95.7070
31.453837, -95.7784
31.461529, -95.9469
31.469221, -96.4296
31.476914, -97.2559
31.484606, -97.8027
31.492298, -97.6815
31.499991, -96.8448
31.507683, -95.4039
31.515375, -94.2896
31.523068, -93.4868
31.530760, -92.5870
31.538452, -91.5355
31.546145, -91.4387
31.553837, -91.8018
31.561529, -92.3218
31.569221, -92.5302
31.576914, -92.6159
31.584606, -92.8572
31.592298, -96.1229
31.599991, -95.2891
31.607683, -95.1555
31.615375, -95.5324
31.623068, -96.0654
31.630760, -96.2182
31.638452, -96.0150
31.646145, -96.2026
31.653837, -96.8886
31.661529, -97.2624
31.669221, -97.3293
31.676914, -96.9486
31.684606, -96.0785
31.692298, -95.0688
31.699991, -94.4407
31.707683, -93.9314
31.715375, -93.9036
31.723068, -94.3050
31.730760, -95.3985
31.738452, -96.7253
31.746144, -97.6402
31.753837, -96.0134
31.761529, -93.1424
31.769221, -91.6696
31.776914, -91.6610
31.784606, -92.3103
31.792298, -93.3250
31.799991, -94.7476
31.807683, -94.3610
31.815375, -94.0511
31.823068, -94.1054
31.830760, -94.3759
31.838452, -95.0213
31.846144, -95.9566
31.853837, -96.4113
31.861529, -94.1068
31.869221, -94.0811
31.876914, -94.0273
31.884606, -93.6279
31.892298, -93.0103
31.899991, -92.6273
31.907683, -92.5668
31.915375, -92.6624
31.923068, -92.8553
31.930760, -93.6957
31.938452, -94.8508
31.946144, -95.7459
31.953837, -96.1922
31.961529, -96.5019
31.969221, -96.9987
31.976914, -97.3255
31.984606, -97.6287
31.992298, -97.8255
